city,ZipCode,Price,HospitalDistance,Bank/ATM,SchoolDistance,SoldDate,BiddedDate,DistToTown,isfloodedArea,IsTsunmaiAlertedArea,Latitude,Longtitude
colombo-07,700,89866219.59,0.0516,0.05,0.05,8/13/2017,9/19/2016,0.06,1,0,6.906667,79.863333
colombo-07,700,89853604.76,0.052,0.05,0.06,8/12/2017,2/10/2013,0.06,0,0,6.906667,79.863333
colombo-07,700,89828462.12,0.0606,0.05,0.06,8/11/2017,9/6/2015,0.06,1,0,6.906667,79.863333
colombo-07,700,89665852.59,0.0621,0.06,0.06,8/11/2017,2/6/2018,0.06,1,0,6.906667,79.863333
colombo-07,700,89535688.25,0.0624,0.06,0.06,8/10/2017,10/3/2017,0.07,0,0,6.906667,79.863333
colombo-07,700,89305210.2,0.0668,0.06,0.06,8/9/2017,1/22/2015,0.07,0,0,6.906667,79.863333
colombo-07,700,89200305.66,0.0704,0.06,0.07,8/9/2017,6/28/2017,0.08,1,0,6.906667,79.863333
colombo-07,700,89195565.28,0.0712,0.06,0.07,8/9/2017,12/8/2016,0.08,0,0,6.906667,79.863333
colombo-07,700,88942113.15,0.0744,0.06,0.08,8/6/2017,5/14/2015,0.08,0,0,6.906667,79.863333
colombo-07,700,88850017.77,0.0745,0.07,0.08,8/6/2017,4/10/2016,0.08,1,0,6.906667,79.863333
Kollupitiya,300,88830005.53,0.0757,0.07,0.09,8/5/2017,7/25/2014,0.08,0,0,6.900556,79.853333
Kollupitiya,300,88524447.22,0.0783,0.08,0.09,7/30/2017,6/10/2015,0.08,1,0,6.900556,79.853333
Kollupitiya,300,88355206.84,0.0784,0.08,0.09,7/30/2017,,0.09,0,0,6.900556,79.853333
Kollupitiya,300,88259438.42,0.0788,0.08,0.09,7/30/2017,2/9/2017,0.09,1,0,6.900556,79.853333
Kollupitiya,300,88220510.56,0.0809,0.08,0.09,7/28/2017,9/28/2016,0.09,0,0,6.900556,79.853333
Kollupitiya,300,88142243.35,0.0819,0.08,0.1,7/28/2017,6/29/2012,0.09,0,0,6.900556,79.853333
Kollupitiya,300,88115611.86,0.085,0.09,0.1,7/28/2017,,0.1,0,0,6.900556,79.853333
Kollupitiya,300,88059652.51,0.0859,0.09,0.1,7/26/2017,1/25/2014,0.1,1,0,6.900556,79.853333
Kollupitiya,300,87786135.87,0.0884,0.1,0.11,7/24/2017,8/21/2012,0.1,0,0,6.900556,79.853333
Kollupitiya,300,87725784.78,0.0888,0.1,0.11,7/22/2017,5/8/2015,0.1,1,0,6.900556,79.853333
Kollupitiya,300,87717077.82,0.1074,0.11,0.11,7/20/2017,1/6/2014,0.11,1,0,6.900556,79.853333
Bambalapittiya,400,87569784.45,0.1117,0.11,0.11,7/20/2017,10/8/2016,0.12,0,0,6.888889,79.856667
Bambalapittiya,400,87482716.95,0.1211,0.13,0.11,7/15/2017,4/30/2012,0.12,1,0,6.888889,79.856667
Bambalapittiya,400,87410140.98,0.1218,0.13,0.11,7/14/2017,8/9/2012,0.14,1,0,6.888889,79.856667
Bambalapittiya,400,87407103.4,0.1257,0.13,0.12,7/13/2017,11/16/2014,0.14,0,0,6.888889,79.856667
Bambalapittiya,400,87196375.88,0.1271,0.13,0.12,7/11/2017,6/25/2013,0.14,0,0,6.888889,79.856667
Bambalapittiya,400,87140174.92,0.1272,0.13,0.13,7/8/2017,6/27/2014,0.14,0,0,6.888889,79.856667
Bambalapittiya,400,86980382.61,0.128,0.14,0.13,7/4/2017,12/9/2012,0.15,0,0,6.888889,79.856667
Bambalapittiya,400,86899484.71,0.1284,0.14,0.13,7/4/2017,,0.15,0,0,6.888889,79.856667
Bambalapittiya,400,86881777.37,0.1322,0.14,0.13,7/1/2017,2/1/2013,0.15,1,0,6.888889,79.856667
Bambalapittiya,400,86826209.62,0.1342,0.15,0.13,7/1/2017,1/21/2017,0.15,0,0,6.888889,79.856667
Bambalapittiya,400,86708683.54,0.1367,0.15,0.14,6/30/2017,2/24/2014,0.15,1,0,6.888889,79.856667
Bambalapittiya,400,86264754.81,0.137,0.15,0.14,6/27/2017,4/29/2018,0.15,1,0,6.888889,79.856667
Bambalapittiya,400,86215561.41,0.1413,0.16,0.14,6/26/2017,12/25/2016,0.16,1,0,6.888889,79.856667
Bambalapittiya,400,86192597.14,0.1416,0.16,0.14,6/25/2017,,0.16,0,0,6.888889,79.856667
Bambalapittiya,400,86122773.1,0.1475,0.16,0.15,6/22/2017,10/19/2016,0.17,1,0,6.888889,79.856667
Bambalapittiya,400,86107245.07,0.1486,0.16,0.15,6/22/2017,5/11/2014,0.17,0,0,6.888889,79.856667
Bambalapittiya,400,85949824.57,0.1518,0.17,0.16,6/19/2017,3/23/2012,0.17,1,0,6.888889,79.856667
Bambalapittiya,400,85781144.03,0.1546,0.17,0.16,6/18/2017,5/4/2015,0.17,0,0,6.888889,79.856667
Bambalapittiya,400,85687424.36,0.1636,0.17,0.16,6/14/2017,3/7/2017,0.18,0,0,6.888889,79.856667
Bambalapittiya,400,85666922.53,0.1678,0.18,0.16,6/13/2017,7/4/2016,0.18,1,0,6.888889,79.856667
Bambalapittiya,400,85666757.95,0.168,0.18,0.16,6/7/2017,3/31/2012,0.18,0,0,6.888889,79.856667
Bambalapittiya,400,85569369.27,0.1712,0.19,0.16,6/5/2017,3/31/2016,0.18,1,0,6.888889,79.856667
Bambalapittiya,400,85522577.13,0.1718,0.2,0.17,5/26/2017,10/19/2017,0.2,1,0,6.888889,79.856667
Bambalapittiya,400,85335045.08,0.1741,0.2,0.17,5/21/2017,8/1/2012,0.2,1,0,6.888889,79.856667
Bambalapittiya,400,85229161.42,0.1755,0.2,0.17,5/21/2017,2/17/2015,0.2,0,0,6.888889,79.856667
Bambalapittiya,400,85177882.44,0.1796,0.2,0.17,5/17/2017,11/22/2013,0.2,0,0,6.888889,79.856667
Havelock Town,500,85068253.02,0.1806,0.2,0.18,5/15/2017,12/7/2014,0.21,0,0,6.879444,79.865278
Havelock Town,500,84954641.71,0.1808,0.2,0.18,5/14/2017,11/9/2015,0.22,0,0,6.879444,79.865278
Havelock Town,500,84837183.03,0.1814,0.21,0.18,5/13/2017,4/1/2012,0.22,1,0,6.879444,79.865278
Havelock Town,500,84688558.73,0.1823,0.21,0.18,5/12/2017,5/13/2016,0.23,1,0,6.879444,79.865278
Havelock Town,500,84683205.11,0.1885,0.22,0.18,5/12/2017,12/5/2013,0.23,1,0,6.879444,79.865278
Havelock Town,500,84637483.97,0.191,0.22,0.18,5/11/2017,2/23/2013,0.23,1,0,6.879444,79.865278
Havelock Town,500,84542443.39,0.1961,0.22,0.19,5/4/2017,9/22/2013,0.24,0,0,6.879444,79.865278
Havelock Town,500,84502493.7,0.1971,0.22,0.2,4/30/2017,6/8/2014,0.24,1,0,6.879444,79.865278
Havelock Town,500,84475699.18,0.1975,0.23,0.2,4/30/2017,12/4/2015,0.24,0,0,6.879444,79.865278
Havelock Town,500,84440520.39,0.1996,0.23,0.2,4/29/2017,4/23/2018,0.24,0,0,6.879444,79.865278
Havelock Town,500,84402508.27,0.2028,0.23,0.21,4/23/2017,3/14/2016,0.24,0,0,6.879444,79.865278
Havelock Town,500,84330297.13,0.203,0.24,0.21,4/21/2017,5/1/2015,0.25,1,0,6.879444,79.865278
Havelock Town,500,84292668.34,0.2061,0.24,0.21,4/18/2017,10/18/2014,0.25,0,0,6.874657,79.860483
Wellawatha,600,84235588.32,0.2075,0.24,0.21,4/15/2017,,0.26,1,0,6.874657,79.860483
Wellawatha,600,84226516.22,0.2075,0.24,0.21,4/12/2017,6/3/2012,0.26,1,0,6.874657,79.860483
Wellawatha,600,84143457.84,0.2075,0.25,0.22,4/12/2017,3/16/2017,0.26,0,0,6.874657,79.860483
Wellawatha,600,84095770,0.2138,0.25,0.22,4/10/2017,4/21/2018,0.26,0,0,6.874657,79.860483
Wellawatha,600,83975984.77,0.2146,0.26,0.22,4/4/2017,11/24/2017,0.29,1,0,6.874657,79.860483
Wellawatha,600,83909709.84,0.2175,0.26,0.22,3/31/2017,2/26/2017,0.3,0,0,6.874657,79.860483
Wellawatha,600,83834003.44,0.2197,0.26,0.23,3/30/2017,8/9/2016,0.3,1,0,6.874657,79.860483
Wellawatha,600,83757470.34,0.2199,0.26,0.24,3/28/2017,1/26/2018,0.3,1,0,6.874657,79.860483
Wellawatha,600,83743441.15,0.2242,0.27,0.25,3/26/2017,7/24/2017,0.31,1,0,6.874657,79.860483
Wellawatha,600,83717244.45,0.2335,0.27,0.25,3/26/2017,6/29/2017,0.31,0,0,6.874657,79.860483
Wellawatha,600,83675187.41,0.2376,0.28,0.25,3/25/2017,11/6/2015,0.31,1,0,6.874657,79.860483
Wellawatha,600,83633857.77,0.2382,0.28,0.26,3/24/2017,7/14/2013,0.31,0,0,6.874657,79.860483
Dehiwala,10350,83599639.33,0.2445,0.28,0.26,3/24/2017,9/7/2017,0.32,1,0,6.873056,6.873056
Dehiwala,10350,83554854.98,0.2446,0.28,0.26,3/21/2017,6/22/2016,0.32,0,0,6.873056,6.873056
Dehiwala,10350,83492665.2,0.2487,0.29,0.26,3/20/2017,2/16/2018,0.32,1,0,6.873056,6.873056
Dehiwala,10350,83480713.82,0.2546,0.3,0.27,3/14/2017,2/13/2012,0.32,0,0,6.873056,6.873056
Dehiwala,10350,83424562.18,0.2646,0.31,0.27,3/13/2017,1/9/2015,0.33,0,0,6.873056,6.873056
Dehiwala,10350,83239463.76,0.27,0.31,0.27,3/13/2017,5/18/2016,0.33,0,0,6.873056,6.873056
Dehiwala,10350,83236458.6,0.2749,0.31,0.27,3/13/2017,10/10/2012,0.33,1,0,6.873056,6.873056
Dehiwala,10350,83205036.74,0.2779,0.31,0.27,3/10/2017,11/30/2016,0.33,0,0,6.873056,6.873056
Dehiwala,10350,83203256.48,0.2807,0.32,0.28,3/8/2017,,0.34,0,0,6.873056,6.873056
Dehiwala,10350,83176567.78,0.2839,0.32,0.29,3/8/2017,11/6/2016,0.34,1,0,6.873056,6.873056
Dehiwala,10350,83140928.88,0.284,0.33,0.29,3/5/2017,2/22/2012,0.35,1,0,6.873056,6.873056
Dehiwala,10350,82750643.23,0.2853,0.33,0.3,3/3/2017,11/26/2013,0.35,0,0,6.873056,6.873056
Dehiwala,10350,82735797.43,0.2993,0.33,0.3,2/24/2017,,0.36,1,0,6.873056,6.873056
Mountin Lavania,10370,82734890.85,0.3003,0.33,0.3,2/21/2017,6/8/2013,0.36,0,0,6.873056,79.875833
Mountin Lavania,10370,82730644.08,0.3096,0.34,0.3,2/20/2017,8/3/2015,0.36,1,0,6.873056,79.875833
Mountin Lavania,10370,82717333.77,0.3114,0.34,0.31,2/18/2017,10/19/2014,0.38,1,0,6.873056,79.875833
Mountin Lavania,10370,82655282.34,0.3186,0.34,0.31,2/18/2017,6/21/2015,0.38,0,0,6.873056,79.875833
Mountin Lavania,10370,82632968.37,0.3247,0.35,0.31,2/17/2017,1/14/2017,0.38,1,0,6.873056,79.875833
Mountin Lavania,10370,82589514.52,0.3273,0.35,0.31,2/14/2017,9/29/2013,0.39,1,0,6.873056,79.875833
Mountin Lavania,10370,82380872.14,0.3276,0.36,0.31,2/10/2017,9/4/2016,0.39,1,0,6.873056,79.875833
Mountin Lavania,10370,82294423.91,0.3348,0.36,0.31,2/9/2017,10/28/2013,0.39,0,0,6.873056,79.875833
Mountin Lavania,10370,82236708.5,0.3369,0.36,0.31,2/8/2017,2/22/2017,0.39,0,0,6.873056,79.875833
Mountin Lavania,10370,82186809.48,0.3395,0.36,0.32,2/7/2017,6/20/2014,0.39,0,0,6.873056,79.875833
Ratmalana,10390,82068471.74,0.3398,0.36,0.32,2/6/2017,10/29/2014,0.39,0,0,6.821944,79.886111
Ratmalana,10390,81662272.71,0.3479,0.37,0.32,2/4/2017,6/5/2014,0.4,0,0,6.821944,79.886111
Ratmalana,10390,81644315.82,0.3486,0.37,0.32,2/3/2017,9/13/2013,0.4,0,0,6.821944,79.886111
Ratmalana,10390,81643111.33,0.3518,0.37,0.33,2/1/2017,,0.4,1,0,6.821944,79.886111
Ratmalana,10390,81549351.15,0.3523,0.38,0.33,1/29/2017,3/30/2015,0.41,1,0,6.821944,79.886111
Ratmalana,10390,81521627.07,0.3535,0.38,0.33,1/29/2017,10/30/2017,0.41,1,0,6.821944,79.886111
Ratmalana,10390,81457264.53,0.3545,0.38,0.34,1/20/2017,5/9/2012,0.41,0,0,6.821944,79.886111
Ratmalana,10390,81420317.92,0.3556,0.38,0.35,1/18/2017,1/18/2013,0.41,0,0,6.821944,79.886111
Ratmalana,10390,81344505.75,0.3565,0.38,0.35,1/15/2017,3/25/2018,0.41,0,0,6.821944,79.886111
Moratuwa,10400,81119058.96,0.3579,0.39,0.35,1/13/2017,9/15/2017,0.42,0,0,6.799072,79.876678
Moratuwa,10400,81087769.73,0.3583,0.39,0.36,1/12/2017,3/3/2016,0.42,1,0,6.799072,79.876678
Moratuwa,10400,81077447.44,0.3623,0.39,0.36,1/11/2017,10/5/2012,0.42,1,0,6.799072,79.876678
Moratuwa,10400,81062992.93,0.3652,0.39,0.37,1/6/2017,6/24/2012,0.43,0,0,6.799072,79.876678
Moratuwa,10400,81018496.62,0.3676,0.39,0.37,1/6/2017,,0.44,1,0,6.799072,79.876678
Moratuwa,10400,80991764.4,0.3732,0.39,0.37,1/3/2017,5/27/2016,0.44,1,0,6.799072,79.876678
Moratuwa,10400,80987879.09,0.3741,0.4,0.37,1/2/2017,,0.44,0,0,6.799072,79.876678
Moratuwa,10400,80862335.66,0.3788,0.41,0.37,1/1/2017,11/1/2016,0.44,0,0,6.799072,79.876678
Moratuwa,10400,80818958.23,0.3799,0.42,0.37,1/1/2017,5/6/2012,0.44,1,0,6.799072,79.876678
colombo-07,700,80801151.08,0.3802,0.42,0.37,12/29/2016,10/27/2015,0.44,1,0,6.906667,79.863333
colombo-07,700,80765897.92,0.3835,0.43,0.38,12/27/2016,8/5/2014,0.45,0,0,6.906667,79.863333
colombo-07,700,80755396.57,0.3947,0.44,0.38,12/23/2016,9/28/2016,0.45,1,0,6.906667,79.863333
colombo-07,700,80729331.61,0.395,0.44,0.38,12/22/2016,11/18/2016,0.45,0,0,6.906667,79.863333
colombo-07,700,80617279.86,0.3996,0.44,0.38,12/21/2016,3/26/2012,0.45,1,0,6.906667,79.863333
colombo-07,700,80556895.46,0.4037,0.44,0.38,12/19/2016,,0.45,1,0,6.906667,79.863333
colombo-07,700,80504492.23,0.4038,0.45,0.39,12/18/2016,10/7/2016,0.46,1,0,6.906667,79.863333
colombo-07,700,80496265.56,0.4085,0.45,0.39,12/18/2016,6/9/2017,0.46,0,0,6.906667,79.863333
colombo-07,700,80448256.79,0.4105,0.45,0.39,12/17/2016,3/4/2014,0.46,0,0,6.906667,79.863333
colombo-07,700,80372541.64,0.4148,0.45,0.39,12/13/2016,9/25/2017,0.46,1,0,6.906667,79.863333
colombo-07,700,80317764.28,0.4238,0.45,0.39,12/5/2016,10/17/2016,0.46,1,0,6.906667,79.863333
colombo-07,700,80263749.21,0.4265,0.45,0.39,12/5/2016,3/3/2012,0.47,0,0,6.906667,79.863333
colombo-07,700,80161605.05,0.4275,0.45,0.4,12/3/2016,1/3/2013,0.47,0,0,6.906667,79.863333
colombo-07,700,80130034.47,0.4289,0.46,0.4,12/3/2016,11/2/2012,0.47,0,0,6.906667,79.863333
colombo-07,700,80017267.13,0.43,0.46,0.4,12/2/2016,1/20/2013,0.47,1,0,6.906667,79.863333
colombo-07,700,79994410.39,0.4305,0.46,0.4,12/1/2016,8/10/2014,0.48,1,0,6.906667,79.863333
colombo-07,700,79994031.64,0.4331,0.47,0.4,11/29/2016,9/2/2013,0.48,1,0,6.906667,79.863333
colombo-07,700,79973205.37,0.4334,0.47,0.41,11/25/2016,7/16/2015,0.48,0,0,6.906667,79.863333
colombo-07,700,79881856.87,0.4343,0.48,0.41,11/22/2016,2/13/2014,0.48,0,0,6.906667,79.863333
colombo-07,700,79711839.62,0.4344,0.48,0.42,11/21/2016,6/1/2016,0.48,0,0,6.906667,79.863333
Kollupitiya,300,79561686.14,0.44,0.49,0.42,11/18/2016,12/4/2015,0.49,1,0,6.900556,79.853333
Kollupitiya,300,79486170.67,0.4425,0.49,0.42,11/11/2016,12/11/2013,0.49,0,0,6.900556,79.853333
Kollupitiya,300,79360623.4,0.4442,0.49,0.42,11/11/2016,12/16/2015,0.49,0,0,6.900556,79.853333
Kollupitiya,300,79358850.33,0.4458,0.49,0.43,11/7/2016,4/3/2012,0.49,0,0,6.900556,79.853333
Kollupitiya,300,79226378.07,0.4465,0.5,0.43,11/4/2016,1/30/2012,0.49,0,0,6.900556,79.853333
Kollupitiya,300,79214341.16,0.4541,0.5,0.44,11/3/2016,1/21/2018,0.5,0,0,6.900556,79.853333
Kollupitiya,300,79155394.54,0.4564,0.5,0.44,11/3/2016,4/28/2015,0.5,0,0,6.900556,79.853333
Kollupitiya,300,78895695.65,0.4566,0.5,0.44,11/3/2016,2/15/2013,0.5,1,0,6.900556,79.853333
Kollupitiya,300,78854871.89,0.4608,0.5,0.44,11/2/2016,1/23/2017,0.5,0,0,6.900556,79.853333
Kollupitiya,300,78813883.26,0.463,0.5,0.44,10/29/2016,10/12/2016,0.52,1,0,6.900556,79.853333
Kollupitiya,300,78794735.1,0.4658,0.5,0.44,10/26/2016,7/5/2017,0.52,0,0,6.900556,79.853333
Kollupitiya,300,78769526.4,0.4673,0.5,0.45,10/26/2016,7/4/2015,0.54,0,0,6.900556,79.853333
Kollupitiya,300,78757114.36,0.4674,0.5,0.45,10/24/2016,4/5/2018,0.54,0,0,6.900556,79.853333
Kollupitiya,300,78658091.43,0.4708,0.5,0.45,10/24/2016,5/19/2017,0.54,0,0,6.900556,79.853333
Kollupitiya,300,78604297.49,0.4763,0.5,0.45,10/24/2016,8/23/2015,0.54,0,0,6.900556,79.853333
Kollupitiya,300,78582812.89,0.4772,0.51,0.45,10/24/2016,1/1/2016,0.54,0,0,6.900556,79.853333
Kollupitiya,300,78502920.32,0.4786,0.52,0.45,10/21/2016,6/8/2012,0.54,1,0,6.900556,79.853333
Kollupitiya,300,78362018.31,0.4815,0.52,0.46,10/17/2016,5/4/2013,0.55,0,0,6.900556,79.853333
Kollupitiya,300,78290341.37,0.4858,0.52,0.46,10/16/2016,3/26/2014,0.55,0,0,6.900556,79.853333
Kollupitiya,300,78191539.68,0.4858,0.53,0.46,10/13/2016,2/28/2017,0.55,0,0,6.900556,79.853333
Kollupitiya,300,78164827.11,0.4906,0.53,0.47,10/12/2016,,0.55,0,0,6.900556,79.853333
Kollupitiya,300,78014472.49,0.4918,0.53,0.47,10/8/2016,2/19/2018,0.55,1,0,6.900556,79.853333
Kollupitiya,300,77816563.26,0.4942,0.53,0.47,10/6/2016,11/19/2013,0.55,1,0,6.900556,79.853333
Bambalapittiya,400,77657178.52,0.4981,0.54,0.47,10/2/2016,10/17/2016,0.57,0,0,6.888889,79.856667
Bambalapittiya,400,77341410.65,0.499,0.54,0.47,10/2/2016,9/29/2012,0.57,0,0,6.888889,79.856667
Bambalapittiya,400,77298909.8,0.5009,0.55,0.47,9/27/2016,12/15/2013,0.57,0,0,6.888889,79.856667
Bambalapittiya,400,77251788,0.5045,0.55,0.47,9/27/2016,5/21/2013,0.58,1,0,6.888889,79.856667
Bambalapittiya,400,77200031.13,0.5051,0.55,0.48,9/22/2016,4/15/2013,0.58,1,0,6.888889,79.856667
Bambalapittiya,400,77188674.91,0.5128,0.55,0.48,9/20/2016,,0.59,0,0,6.888889,79.856667
Bambalapittiya,400,77116815.12,0.5154,0.56,0.48,9/15/2016,12/9/2016,0.59,1,0,6.888889,79.856667
Bambalapittiya,400,77076280.31,0.5168,0.56,0.48,9/15/2016,8/21/2013,0.59,1,0,6.888889,79.856667
Bambalapittiya,400,77011594.8,0.5216,0.56,0.48,9/14/2016,6/17/2017,0.59,1,0,6.888889,79.856667
Bambalapittiya,400,76892205.35,0.5222,0.56,0.49,9/13/2016,10/17/2014,0.59,1,0,6.888889,79.856667
Bambalapittiya,400,76798201.04,0.5238,0.58,0.5,9/13/2016,,0.59,1,0,6.888889,79.856667
Bambalapittiya,400,76733265.78,0.532,0.58,0.5,9/12/2016,8/2/2017,0.59,0,0,6.888889,79.856667
Bambalapittiya,400,76681981.62,0.5333,0.58,0.5,9/11/2016,8/24/2017,0.6,0,0,6.888889,79.856667
Bambalapittiya,400,76621997.19,0.5363,0.58,0.51,9/2/2016,2/17/2014,0.6,0,0,6.888889,79.856667
Bambalapittiya,400,76576118.96,0.5413,0.58,0.51,8/31/2016,1/23/2012,0.6,1,0,6.888889,79.856667
Bambalapittiya,400,76361372.27,0.5415,0.59,0.52,8/28/2016,10/18/2014,0.6,1,0,6.888889,79.856667
Bambalapittiya,400,76346121.4,0.5419,0.59,0.52,8/27/2016,8/6/2014,0.61,0,0,6.888889,79.856667
Bambalapittiya,400,76261196.9,0.5426,0.59,0.53,8/25/2016,6/2/2016,0.61,1,0,6.888889,79.856667
Bambalapittiya,400,76251554.37,0.5481,0.6,0.54,8/21/2016,12/6/2017,0.62,0,0,6.888889,79.856667
Bambalapittiya,400,76207187.91,0.5519,0.6,0.54,8/17/2016,1/13/2017,0.62,0,0,6.888889,79.856667
Bambalapittiya,400,76180934.92,0.5526,0.6,0.54,8/3/2016,7/19/2017,0.62,1,0,6.888889,79.856667
Bambalapittiya,400,76143011.05,0.5602,0.6,0.54,8/2/2016,9/25/2013,0.62,0,0,6.888889,79.856667
Bambalapittiya,400,76139591.19,0.5614,0.61,0.55,7/31/2016,1/7/2018,0.62,0,0,6.888889,79.856667
Bambalapittiya,400,76136276.74,0.5644,0.61,0.56,7/28/2016,12/26/2012,0.62,1,0,6.888889,79.856667
Bambalapittiya,400,76114201.61,0.5716,0.61,0.56,7/23/2016,1/1/2013,0.62,0,0,6.888889,79.856667
Bambalapittiya,400,76012921,0.572,0.61,0.57,7/23/2016,4/7/2018,0.62,0,0,6.888889,79.856667
Bambalapittiya,400,75986570.87,0.5752,0.62,0.57,7/23/2016,,0.63,1,0,6.888889,79.856667
Bambalapittiya,400,75916089.02,0.5761,0.62,0.57,7/23/2016,6/11/2017,0.63,0,0,6.888889,79.856667
Bambalapittiya,400,75849410.38,0.5778,0.62,0.57,7/19/2016,12/31/2013,0.63,0,0,6.888889,79.856667
Bambalapittiya,400,75829820.31,0.5847,0.62,0.57,7/19/2016,11/20/2014,0.64,1,0,6.888889,79.856667
Bambalapittiya,400,75808169.94,0.5918,0.62,0.57,7/17/2016,4/5/2015,0.64,1,0,6.888889,79.856667
Bambalapittiya,400,75672136.12,0.5984,0.63,0.57,7/15/2016,,0.64,0,0,6.888889,79.856667
Bambalapittiya,400,75635637.4,0.599,0.63,0.57,7/12/2016,4/7/2014,0.66,1,0,6.888889,79.856667
Bambalapittiya,400,75560577.74,0.5993,0.63,0.58,7/6/2016,10/25/2014,0.66,0,0,6.888889,79.856667
Bambalapittiya,400,75303124.12,0.6021,0.64,0.58,7/5/2016,11/21/2015,0.66,1,0,6.888889,79.856667
Bambalapittiya,400,75281636.08,0.6056,0.65,0.58,6/30/2016,2/3/2012,0.66,0,0,6.888889,79.856667
Bambalapittiya,400,75277568.82,0.6062,0.65,0.58,6/30/2016,9/22/2017,0.67,1,0,6.888889,79.856667
Bambalapittiya,400,75042274.21,0.614,0.66,0.58,6/30/2016,7/14/2013,0.67,0,0,6.888889,79.856667
Bambalapittiya,400,75019435.17,0.6152,0.66,0.59,6/29/2016,5/6/2015,0.67,1,0,6.888889,79.856667
Bambalapittiya,400,75013789.6,0.6197,0.66,0.59,6/28/2016,2/8/2013,0.68,1,0,6.888889,79.856667
Bambalapittiya,400,74985579.65,0.6198,0.67,0.59,6/26/2016,2/23/2012,0.68,1,0,6.888889,79.856667
Bambalapittiya,400,74929534.91,0.6207,0.67,0.6,6/25/2016,2/22/2013,0.69,0,0,6.888889,79.856667
Bambalapittiya,400,74916715.11,0.6221,0.67,0.61,6/24/2016,3/10/2015,0.69,0,0,6.888889,79.856667
Bambalapittiya,400,74804064.13,0.6234,0.67,0.61,6/24/2016,4/27/2012,0.7,0,0,6.888889,79.856667
Wellawatha,600,74737765.79,0.6258,0.67,0.61,6/21/2016,,0.7,0,0,6.888889,79.856667
Wellawatha,600,74719368.81,0.6275,0.67,0.61,6/19/2016,4/10/2017,0.7,0,0,6.874657,79.860483
Wellawatha,600,74613104.01,0.6303,0.68,0.62,6/17/2016,10/13/2017,0.71,1,0,6.874657,79.860483
Wellawatha,600,74597493.3,0.6315,0.68,0.63,6/12/2016,9/2/2017,0.71,0,0,6.874657,79.860483
Wellawatha,600,74541694.17,0.6335,0.68,0.63,6/1/2016,,0.71,0,0,6.874657,79.860483
Wellawatha,600,74432733.15,0.6335,0.68,0.63,5/31/2016,10/1/2015,0.71,0,0,6.874657,79.860483
Wellawatha,600,74290430.32,0.6345,0.68,0.63,5/28/2016,12/18/2016,0.71,0,0,6.874657,79.860483
Wellawatha,600,74235105.44,0.6372,0.69,0.63,5/28/2016,10/16/2015,0.72,1,0,6.874657,79.860483
Wellawatha,600,74201545.97,0.6415,0.69,0.63,5/25/2016,11/8/2013,0.72,1,0,6.874657,79.860483
Wellawatha,600,74192630.45,0.6438,0.69,0.64,5/21/2016,1/25/2012,0.72,1,0,6.874657,79.860483
Wellawatha,600,74173184.81,0.6438,0.69,0.64,5/18/2016,5/28/2012,0.72,0,0,6.874657,79.860483
Wellawatha,600,73862860.45,0.6452,0.7,0.65,5/18/2016,5/26/2012,0.73,1,0,6.874657,79.860483
Wellawatha,600,73621589.98,0.66,0.7,0.65,5/15/2016,4/4/2015,0.73,0,0,6.874657,79.860483
Wellawatha,600,73612351.31,0.6601,0.71,0.65,5/13/2016,12/30/2013,0.73,1,0,6.874657,79.860483
Wellawatha,600,73538745.4,0.6693,0.72,0.66,5/12/2016,6/27/2017,0.74,0,0,6.874657,79.860483
Wellawatha,600,73334295.88,0.6705,0.72,0.66,5/9/2016,6/1/2012,0.74,1,0,6.874657,79.860483
Wellawatha,600,73152258.45,0.6707,0.72,0.66,5/9/2016,1/21/2018,0.74,0,0,6.874657,79.860483
Wellawatha,600,73142813.3,0.6713,0.72,0.67,5/5/2016,3/28/2013,0.74,0,0,6.874657,79.860483
Wellawatha,600,73139093.32,0.677,0.72,0.67,5/4/2016,2/28/2013,0.75,1,0,6.873056,6.873056
Dehiwala,1350,73103849.55,0.6773,0.72,0.67,5/4/2016,1/7/2013,0.75,0,0,,
Havelock Town,500,73042026.93,0.6806,0.73,0.68,4/26/2016,,0.75,0,0,6.879444,79.865278
Havelock Town,500,73034984.31,0.6825,0.73,0.68,4/22/2016,4/20/2018,0.75,1,0,6.879444,79.865278
Havelock Town,500,73015403.58,0.6849,0.73,0.68,4/22/2016,11/17/2014,0.75,0,0,6.879444,79.865278
Havelock Town,500,72919322.09,0.6874,0.74,0.68,4/20/2016,4/28/2018,0.75,0,0,6.879444,79.865278
Havelock Town,500,72836958.09,0.6886,0.74,0.68,4/19/2016,2/14/2016,0.76,0,0,6.879444,79.865278
Havelock Town,500,72800286.88,0.6954,0.75,0.68,4/17/2016,3/17/2016,0.76,0,0,6.879444,79.865278
Havelock Town,500,72670392.73,0.6962,0.75,0.69,4/16/2016,2/20/2015,0.76,1,0,6.879444,79.865278
Havelock Town,500,72438843.65,0.6996,0.75,0.69,4/16/2016,6/10/2017,0.77,0,0,6.879444,79.865278
Havelock Town,500,72258445.92,0.7011,0.75,0.69,4/14/2016,6/24/2016,0.77,0,0,6.879444,79.865278
Havelock Town,500,72256035.91,0.7023,0.75,0.69,4/14/2016,11/15/2012,0.77,0,0,6.879444,79.865278
Havelock Town,500,72120058.71,0.7039,0.75,0.69,4/11/2016,6/7/2012,0.78,1,0,6.879444,79.865278
Havelock Town,500,72090861.32,0.704,0.76,0.69,4/11/2016,10/11/2017,0.78,1,0,6.879444,79.865278
Havelock Town,500,71998235.25,0.7046,0.76,0.7,4/9/2016,4/22/2017,0.79,1,0,6.879444,79.865278
Havelock Town,500,71968904.76,0.7073,0.76,0.7,4/2/2016,9/16/2017,0.79,1,0,6.879444,79.865278
Havelock Town,500,71830806.59,0.7081,0.76,0.71,3/30/2016,10/10/2017,0.79,0,0,6.879444,79.865278
Havelock Town,500,71640450.92,0.71,0.77,0.71,3/30/2016,10/26/2014,0.8,0,0,6.879444,79.865278
Havelock Town,500,71535495.46,0.7104,0.77,0.72,3/26/2016,4/21/2014,0.8,0,0,6.879444,79.865278
Havelock Town,500,71470399.06,0.7196,0.77,0.72,3/22/2016,1/31/2017,0.8,0,0,6.879444,79.865278
Dehiwala,1350,71065607.57,0.7217,0.77,0.72,3/20/2016,10/25/2015,0.8,1,0,6.873056,6.873056
Dehiwala,1350,71008779.7,0.722,0.78,0.74,3/19/2016,10/10/2014,0.81,0,0,6.873056,6.873056
Dehiwala,10350,70861922.94,0.7242,0.78,0.74,3/17/2016,12/14/2015,0.81,1,0,6.873056,6.873056
Dehiwala,10350,70711408.76,0.728,0.79,0.74,3/15/2016,8/20/2015,0.82,1,0,6.873056,6.873056
Dehiwala,10350,70668695.64,0.7325,0.79,0.74,3/14/2016,6/30/2013,0.82,1,0,6.873056,6.873056
Dehiwala,10350,70639521.22,0.7346,0.79,0.74,3/12/2016,10/7/2013,0.82,1,0,6.873056,6.873056
Dehiwala,10350,70348946.42,0.7358,0.81,0.76,3/11/2016,12/15/2017,0.83,0,0,6.873056,6.873056
Dehiwala,10350,70343008.26,0.7375,0.81,0.76,3/7/2016,10/28/2017,0.83,0,0,6.873056,6.873056
Dehiwala,10350,70136185.46,0.7418,0.82,0.77,3/5/2016,5/9/2013,0.83,1,0,6.873056,6.873056
Dehiwala,10350,70058157.33,0.7436,0.82,0.77,3/3/2016,2/14/2012,0.84,0,0,6.873056,6.873056
Dehiwala,10350,69981377.16,0.748,0.82,0.77,3/2/2016,5/23/2012,0.85,0,0,6.873056,6.873056
Dehiwala,10350,69970776.07,0.7526,0.82,0.77,3/1/2016,4/27/2012,0.85,0,0,6.873056,6.873056
Dehiwala,10350,69838071.71,0.7548,0.82,0.78,2/25/2016,11/22/2014,0.85,1,0,6.873056,6.873056
Dehiwala,10350,69547571.6,0.7565,0.83,0.79,2/23/2016,,0.86,1,0,6.873056,6.873056
Dehiwala,10350,69539469.79,0.7607,0.83,0.79,2/22/2016,8/24/2012,0.87,1,0,6.873056,6.873056
Dehiwala,10350,69359189.81,0.7609,0.83,0.79,2/19/2016,7/15/2017,0.87,0,0,6.873056,6.873056
Dehiwala,10350,69223943.01,0.7616,0.83,0.79,2/16/2016,2/26/2018,0.88,0,0,6.873056,6.873056
Dehiwala,10350,69166314.45,0.7626,0.83,0.79,2/15/2016,3/18/2012,0.88,0,0,6.873056,6.873056
Mountin Lavania,10370,69153631.06,0.7669,0.84,0.79,2/15/2016,10/12/2015,0.88,1,0,6.873056,79.875833
Mountin Lavania,10370,69136973.73,0.7693,0.85,0.79,2/14/2016,1/26/2017,0.88,0,0,6.873056,79.875833
Mountin Lavania,10370,69101854.92,0.7717,0.85,0.8,2/13/2016,3/21/2016,0.88,1,0,6.873056,79.875833
Mountin Lavania,10370,68947638,0.7768,0.85,0.8,2/12/2016,,0.88,0,0,6.873056,79.875833
Mountin Lavania,10370,68933702.03,0.7826,0.85,0.8,2/11/2016,,0.89,1,0,6.873056,79.875833
Mountin Lavania,10370,68640562.62,0.7837,0.85,0.81,2/11/2016,7/2/2013,0.89,1,0,6.873056,79.875833
Mountin Lavania,10370,68544854.29,0.7905,0.86,0.81,2/10/2016,12/19/2013,0.89,1,0,6.873056,79.875833
Mountin Lavania,10370,68538689.58,0.7932,0.86,0.81,2/9/2016,1/17/2018,0.89,1,0,6.873056,79.875833
Mountin Lavania,10370,68386031.74,0.7945,0.87,0.81,2/8/2016,12/27/2013,0.9,0,0,6.873056,79.875833
Mountin Lavania,10370,68298154.67,0.7993,0.87,0.81,2/5/2016,4/1/2015,0.9,0,0,6.873056,79.875833
Mountin Lavania,10370,68219117.56,0.8061,0.87,0.82,1/29/2016,2/23/2014,0.91,1,0,6.873056,79.875833
Moratuwa,10400,68214657.08,0.8095,0.87,0.82,1/29/2016,1/10/2014,0.91,0,0,6.799072,79.876678
Moratuwa,10400,68204739.77,0.812,0.87,0.82,1/29/2016,9/24/2014,0.92,1,0,6.799072,79.876678
Moratuwa,10400,68177208.78,0.8201,0.89,0.83,1/28/2016,1/17/2015,0.93,0,0,6.799072,79.876678
Moratuwa,10400,68117369.36,0.8201,0.89,0.83,1/28/2016,4/2/2014,0.93,1,0,6.799072,79.876678
Moratuwa,10400,68088048.17,0.8285,0.89,0.84,1/26/2016,4/27/2015,0.93,0,0,6.799072,79.876678
Moratuwa,10400,68084451.72,0.832,0.89,0.84,1/23/2016,11/7/2013,0.93,1,0,6.799072,79.876678
Moratuwa,10400,68026227.46,0.8342,0.89,0.84,1/20/2016,1/5/2014,0.93,0,0,6.799072,79.876678
Moratuwa,10400,68006600.73,0.837,0.89,0.85,1/17/2016,9/19/2014,0.94,1,0,6.799072,79.876678
Moratuwa,10400,67927172.45,0.8379,0.89,0.85,1/15/2016,8/2/2015,0.94,0,0,6.799072,79.876678
Moratuwa,10400,67739342.77,0.8393,0.9,0.85,1/15/2016,2/25/2013,0.94,0,0,6.799072,79.876678
Moratuwa,10400,67708910.25,0.8489,0.9,0.85,1/15/2016,4/25/2018,0.94,0,0,6.799072,79.876678
Moratuwa,10400,67601166.2,0.8507,0.9,0.85,1/12/2016,2/7/2013,0.95,0,0,6.799072,79.876678
Moratuwa,10400,67516722.01,0.8517,0.91,0.85,1/12/2016,12/26/2017,0.95,0,0,6.799072,79.876678
Moratuwa,10400,67334210.21,0.8565,0.91,0.85,1/11/2016,6/11/2017,0.96,0,0,6.799072,79.876678
Moratuwa,10400,67312018.01,0.862,0.91,0.87,1/11/2016,5/18/2014,0.96,0,0,6.799072,79.876678
Moratuwa,10400,67305988.92,0.8641,0.91,0.87,1/9/2016,6/27/2015,0.96,0,0,6.799072,79.876678
Moratuwa,10400,67282952.77,0.866,0.91,0.87,1/4/2016,,0.96,1,0,6.799072,79.876678
Moratuwa,10400,67121117.75,0.8669,0.92,0.88,1/3/2016,,0.97,1,0,6.799072,79.876678
Moratuwa,10400,67107143.12,0.8682,0.92,0.88,1/2/2016,2/21/2018,0.97,1,0,6.799072,79.876678
colombo-07,700,66995939.03,0.8683,0.92,0.88,12/30/2015,6/19/2015,0.99,0,0,6.906667,79.863333
colombo-07,700,66973745.63,0.87,0.92,0.88,12/27/2015,11/1/2012,0.99,0,0,6.906667,79.863333
colombo-07,700,66973173.86,0.8732,0.93,0.89,12/22/2015,10/18/2014,0.99,0,0,6.906667,79.863333
colombo-07,700,66951163.15,0.8775,0.93,0.89,12/14/2015,10/8/2014,0.99,1,0,6.906667,79.863333
colombo-07,700,66892797.16,0.881,0.93,0.9,12/12/2015,4/20/2017,0.99,0,0,6.906667,79.863333
colombo-07,700,66861345.66,0.8832,0.93,0.91,12/11/2015,2/9/2018,1,0,0,6.906667,79.863333
colombo-07,700,66852418.89,0.8924,0.93,0.91,12/10/2015,3/7/2018,1.01,0,0,6.906667,79.863333
colombo-07,700,66750565.99,0.8926,0.93,0.91,12/10/2015,,1.01,0,0,6.906667,79.863333
colombo-07,700,66661989.1,0.9088,0.94,0.91,12/9/2015,11/22/2017,1.02,0,0,6.906667,79.863333
colombo-07,700,66483696.79,0.9104,0.94,0.92,12/8/2015,4/11/2016,1.02,0,0,6.906667,79.863333
colombo-07,700,66479963.2,0.9183,0.94,0.92,12/7/2015,1/19/2015,1.02,1,0,6.906667,79.863333
colombo-07,700,66367099.13,0.9194,0.94,0.92,12/6/2015,6/29/2017,1.03,0,0,6.906667,79.863333
colombo-07,700,66305678.53,0.9228,0.94,0.92,11/30/2015,12/25/2016,1.03,1,0,6.906667,79.863333
colombo-07,700,66249637.21,0.9235,0.94,0.93,11/29/2015,9/30/2013,1.03,1,0,6.906667,79.863333
colombo-07,700,66207688.87,0.9241,0.95,0.94,11/23/2015,1/1/2016,1.03,1,0,6.906667,79.863333
colombo-07,700,66170608.73,0.9244,0.95,0.94,11/23/2015,,1.03,0,0,6.906667,79.863333
colombo-07,700,65757868.89,0.9261,0.95,0.94,11/20/2015,2/3/2012,1.04,1,0,6.906667,79.863333
colombo-07,700,65696779.86,0.9267,0.95,0.94,11/20/2015,4/5/2012,1.04,1,0,6.906667,79.863333
colombo-07,700,65568146.65,0.9273,0.95,0.96,11/19/2015,6/28/2013,1.04,0,0,6.906667,79.863333
colombo-07,700,65547889.54,0.9312,0.96,0.96,11/16/2015,4/23/2015,1.05,0,0,6.906667,79.863333
Kollupitiya,300,65485786.53,0.9326,0.96,0.96,11/15/2015,12/14/2017,1.06,1,0,6.900556,79.853333
Kollupitiya,300,65448295.85,0.9333,0.96,0.96,11/13/2015,4/21/2018,1.06,1,0,6.900556,79.853333
Kollupitiya,300,65421717.83,0.9365,0.96,0.96,11/13/2015,1/30/2014,1.06,1,0,6.900556,79.853333
Kollupitiya,300,65211603.18,0.9392,0.97,0.97,11/12/2015,3/6/2014,1.06,1,0,6.900556,79.853333
Kollupitiya,300,65049752.08,0.9445,0.97,0.97,11/7/2015,10/24/2013,1.06,1,0,6.900556,79.853333
Kollupitiya,300,64908363.79,0.9448,0.97,0.98,11/7/2015,9/30/2013,1.07,1,0,6.900556,79.853333
Kollupitiya,300,64835091.35,0.9457,0.97,0.98,11/6/2015,11/27/2013,1.07,1,0,6.900556,79.853333
Kollupitiya,300,64819644.22,0.9467,0.97,0.98,11/5/2015,5/5/2015,1.07,1,0,6.900556,79.853333
Kollupitiya,300,64727314.95,0.9485,0.97,0.98,11/4/2015,,1.07,0,0,6.900556,79.853333
Kollupitiya,300,64712243.7,0.9489,0.97,0.99,11/3/2015,12/3/2016,1.07,1,0,6.900556,79.853333
Kollupitiya,300,64699611.85,0.949,0.97,1,11/2/2015,5/28/2016,1.08,0,0,6.900556,79.853333
Kollupitiya,300,64684692.05,0.9518,0.98,1,11/1/2015,7/7/2014,1.08,0,0,6.900556,79.853333
Kollupitiya,300,64582371.02,0.9544,0.98,1,10/28/2015,9/15/2016,1.08,0,0,6.900556,79.853333
Kollupitiya,300,64484397.7,0.9565,0.99,1,10/27/2015,,1.08,0,0,6.900556,79.853333
Kollupitiya,300,64315097.94,0.9654,0.99,1.01,10/25/2015,6/26/2013,1.08,1,0,6.900556,79.853333
Kollupitiya,300,64188461.71,0.9656,1,1.01,10/25/2015,5/22/2014,1.09,0,0,6.900556,79.853333
Kollupitiya,300,64032433.66,0.969,1,1.02,10/24/2015,,1.09,0,0,6.900556,79.853333
Kollupitiya,300,64001376.66,0.9702,1.01,1.02,10/23/2015,8/4/2017,1.1,1,0,6.900556,79.853333
Kollupitiya,300,63953144.12,0.9711,1.01,1.03,10/17/2015,8/18/2014,1.1,0,0,6.888889,79.856667
Kollupitiya,300,63923230.12,0.9738,1.01,1.03,10/12/2015,9/22/2015,1.1,1,0,6.888889,79.856667
Bambalapittiya,400,63837539.93,0.9804,1.01,1.05,10/11/2015,9/1/2017,1.1,0,0,6.888889,79.856667
Bambalapittiya,400,63819389.94,0.9829,1.02,1.05,10/11/2015,,1.1,1,0,6.888889,79.856667
Bambalapittiya,400,63788510.68,0.9849,1.02,1.05,10/7/2015,9/9/2014,1.11,0,0,6.888889,79.856667
Bambalapittiya,400,63758132.22,0.9849,1.02,1.06,10/2/2015,4/8/2015,1.11,0,0,6.888889,79.856667
Bambalapittiya,400,63749674.34,0.9904,1.02,1.06,10/1/2015,1/27/2013,1.11,0,0,6.888889,79.856667
Bambalapittiya,400,63641349.16,0.9919,1.02,1.07,9/29/2015,10/19/2017,1.12,0,0,6.888889,79.856667
Bambalapittiya,400,63525066.05,0.9925,1.03,1.07,9/28/2015,,1.12,0,0,6.888889,79.856667
Bambalapittiya,400,63358347.19,0.9984,1.04,1.07,9/28/2015,12/17/2015,1.12,0,0,6.888889,79.856667
Bambalapittiya,400,63351342.24,1.0073,1.04,1.07,9/28/2015,4/11/2018,1.12,1,0,6.888889,79.856667
Bambalapittiya,400,63310569.18,1.0083,1.04,1.07,9/26/2015,5/9/2012,1.12,0,0,6.888889,79.856667
Bambalapittiya,400,63273252.12,1.0134,1.04,1.07,9/26/2015,9/24/2015,1.12,1,0,6.888889,79.856667
Bambalapittiya,400,63258995.31,1.015,1.04,1.07,9/25/2015,9/26/2015,1.13,1,0,6.888889,79.856667
Bambalapittiya,400,63097066.28,1.0172,1.04,1.07,9/24/2015,2/16/2018,1.13,1,0,6.888889,79.856667
Bambalapittiya,400,63024101.35,1.0178,1.04,1.07,9/18/2015,12/3/2014,1.14,1,0,6.888889,79.856667
Bambalapittiya,400,63020010.5,1.0212,1.05,1.07,9/17/2015,4/4/2016,1.14,1,0,6.888889,79.856667
Bambalapittiya,400,62998592.88,1.0219,1.05,1.08,9/14/2015,10/14/2012,1.15,1,0,6.888889,79.856667
Bambalapittiya,400,62961198.03,1.0239,1.05,1.08,9/12/2015,2/12/2016,1.15,1,0,6.888889,79.856667
Bambalapittiya,400,62886649,1.0256,1.05,1.09,9/9/2015,12/16/2012,1.15,0,0,6.888889,79.856667
Bambalapittiya,400,62843942.48,1.0274,1.05,1.09,9/8/2015,10/4/2014,1.15,0,0,6.888889,79.856667
Bambalapittiya,400,62840351.11,1.0287,1.06,1.09,9/8/2015,10/30/2014,1.16,0,0,6.888889,79.856667
Bambalapittiya,400,62830545.32,1.0326,1.07,1.09,9/7/2015,7/12/2014,1.16,0,0,6.888889,79.856667
Bambalapittiya,400,62683805.96,1.035,1.07,1.1,9/6/2015,,1.16,0,0,6.888889,79.856667
Bambalapittiya,400,62638427.19,1.035,1.08,1.11,9/4/2015,10/22/2013,1.16,0,0,6.888889,79.856667
Bambalapittiya,400,62607670.06,1.0358,1.08,1.11,9/3/2015,3/27/2016,1.16,0,0,6.888889,79.856667
Bambalapittiya,400,62535065.18,1.0383,1.08,1.11,9/2/2015,4/4/2013,1.17,0,0,6.888889,79.856667
Bambalapittiya,400,62480956.16,1.0415,1.08,1.11,9/2/2015,1/26/2018,1.17,0,0,6.888889,79.856667
Bambalapittiya,400,62385328.21,1.045,1.08,1.12,8/31/2015,2/15/2012,1.17,1,0,6.888889,79.856667
Bambalapittiya,400,62369617.93,1.0472,1.09,1.12,8/31/2015,,1.17,1,0,6.888889,79.856667
Bambalapittiya,400,62291511.95,1.0477,1.09,1.12,8/31/2015,6/18/2012,1.17,1,0,6.888889,79.856667
Bambalapittiya,400,62209766.08,1.0483,1.1,1.13,8/30/2015,3/25/2018,1.18,1,0,6.888889,79.856667
Bambalapittiya,400,62161591.81,1.0483,1.1,1.14,8/26/2015,3/5/2013,1.18,0,0,6.888889,79.856667
Bambalapittiya,400,62149052.18,1.0492,1.11,1.14,8/26/2015,10/29/2014,1.18,1,0,6.888889,79.856667
Bambalapittiya,400,62085686.45,1.0498,1.11,1.15,8/22/2015,1/29/2015,1.19,1,0,6.888889,79.856667
Bambalapittiya,400,62082724.61,1.0568,1.12,1.15,8/22/2015,4/16/2013,1.2,1,0,6.888889,79.856667
Bambalapittiya,400,61805288.64,1.0568,1.12,1.16,8/18/2015,4/2/2017,1.2,1,0,6.888889,79.856667
Bambalapittiya,400,61656559.11,1.0643,1.13,1.16,8/16/2015,6/29/2017,1.21,1,0,6.888889,79.856667
Bambalapittiya,400,61646795.39,1.0672,1.14,1.16,8/13/2015,1/19/2012,1.21,1,0,6.888889,79.856667
Bambalapittiya,400,61444380.03,1.0722,1.14,1.16,8/12/2015,8/4/2015,1.21,1,0,6.888889,79.856667
Bambalapittiya,400,61404181.84,1.0751,1.14,1.16,8/9/2015,4/3/2012,1.21,0,0,6.888889,79.856667
Havelock Town,500,61253977.83,1.0772,1.14,1.17,8/8/2015,10/18/2015,1.22,1,0,6.879444,79.865278
Havelock Town,500,61155227.22,1.0863,1.14,1.17,8/7/2015,1/22/2012,1.22,0,0,6.879444,79.865278
Havelock Town,500,61026411.63,1.0883,1.15,1.17,8/6/2015,,1.23,1,0,6.879444,79.865278
Havelock Town,500,60909341.09,1.0885,1.15,1.18,8/4/2015,10/9/2015,1.23,0,0,6.879444,79.865278
Havelock Town,500,60873732.71,1.0921,1.15,1.18,8/3/2015,4/13/2013,1.23,1,0,6.879444,79.865278
Havelock Town,500,60852809.59,1.0926,1.16,1.18,7/31/2015,9/5/2017,1.23,1,0,6.879444,79.865278
Havelock Town,500,60695518.22,1.0987,1.17,1.18,7/28/2015,6/5/2015,1.23,0,0,6.879444,79.865278
Havelock Town,500,60457826.61,1.0999,1.17,1.19,7/27/2015,2/1/2013,1.24,1,0,6.879444,79.865278
Havelock Town,500,60456869.22,1.1072,1.17,1.19,7/22/2015,12/27/2014,1.24,0,0,6.879444,79.865278
Havelock Town,500,60443893.57,1.1122,1.17,1.19,7/22/2015,1/10/2016,1.25,0,0,6.879444,79.865278
Havelock Town,500,60443841.78,1.1126,1.18,1.2,7/21/2015,9/13/2013,1.25,1,0,6.879444,79.865278
Havelock Town,500,60252471.31,1.1135,1.18,1.2,7/21/2015,10/30/2017,1.26,0,0,6.879444,79.865278
Havelock Town,500,60152371.07,1.1166,1.18,1.2,7/19/2015,6/19/2016,1.26,0,0,6.879444,79.865278
Havelock Town,500,60089037.63,1.1193,1.19,1.2,7/12/2015,5/2/2017,1.26,1,0,6.879444,79.865278
Havelock Town,500,59896378.01,1.1195,1.19,1.21,7/11/2015,9/22/2016,1.26,0,0,6.879444,79.865278
Havelock Town,500,59656754.34,1.1209,1.2,1.21,7/10/2015,9/4/2016,1.27,0,0,6.879444,79.865278
Havelock Town,500,59408542.79,1.121,1.2,1.22,7/7/2015,7/10/2016,1.27,0,0,6.879444,79.865278
Havelock Town,500,59333276.13,1.124,1.2,1.22,7/5/2015,8/11/2017,1.28,0,0,6.879444,79.865278
Havelock Town,500,59237547.37,1.1265,1.21,1.22,7/3/2015,5/17/2014,1.28,0,0,6.879444,79.865278
Havelock Town,500,59174855.18,1.128,1.21,1.22,7/2/2015,4/3/2013,1.28,1,0,6.879444,79.865278
wellawatha,600,59081130.21,1.13,1.21,1.23,6/30/2015,9/2/2012,1.28,1,0,6.874657,79.860483
wellawatha,600,59050536.26,1.1302,1.21,1.24,6/24/2015,4/7/2013,1.28,0,0,6.874657,79.860483
wellawatha,600,59016201.27,1.1304,1.22,1.24,6/23/2015,6/1/2014,1.29,0,0,6.874657,79.860483
wellawatha,600,58925267.37,1.1336,1.22,1.24,6/22/2015,12/20/2017,1.29,0,0,6.874657,79.860483
wellawatha,600,58906959.14,1.1403,1.22,1.24,6/22/2015,6/10/2015,1.29,1,0,6.874657,79.860483
wellawatha,600,58904061.68,1.1403,1.22,1.25,6/21/2015,12/6/2013,1.29,0,0,6.874657,79.860483
wellawatha,600,58863596.03,1.1433,1.23,1.25,6/19/2015,2/9/2014,1.29,1,0,6.874657,79.860483
wellawatha,600,58636696.93,1.1484,1.24,1.26,6/17/2015,4/14/2014,1.29,0,0,6.874657,79.860483
wellawatha,600,58631893.44,1.1507,1.24,1.26,6/16/2015,,1.3,1,0,6.874657,79.860483
wellawatha,600,58612266.81,1.1541,1.24,1.26,6/15/2015,9/28/2014,1.3,0,0,6.874657,79.860483
wellawatha,600,58564470.22,1.1582,1.24,1.26,6/9/2015,12/28/2015,1.3,0,0,6.874657,79.860483
wellawatha,600,58456411.31,1.1619,1.25,1.26,6/7/2015,3/30/2015,1.3,0,0,6.874657,79.860483
wellawatha,600,58397785.3,1.1621,1.25,1.27,5/29/2015,4/8/2018,1.3,0,0,6.874657,79.860483
wellawatha,600,58368877.93,1.1636,1.25,1.27,5/29/2015,12/15/2016,1.3,1,0,6.874657,79.860483
wellawatha,600,58249969.33,1.1686,1.25,1.28,5/29/2015,12/20/2017,1.3,1,0,6.874657,79.860483
wellawatha,600,58135208.7,1.1711,1.25,1.28,5/28/2015,8/2/2017,1.31,0,0,6.874657,79.860483
wellawatha,600,58093116.98,1.1752,1.26,1.28,5/26/2015,11/1/2017,1.31,0,0,6.874657,79.860483
wellawatha,600,58060126.14,1.177,1.26,1.28,5/23/2015,1/11/2018,1.31,0,0,6.874657,79.860483
wellawatha,600,57932280.83,1.1822,1.27,1.28,5/22/2015,2/23/2013,1.31,0,0,6.874657,79.860483
Dehiwala,1350,57798339.41,1.1829,1.28,1.28,5/22/2015,3/15/2017,1.31,1,0,6.873056,6.873056
Dehiwala,10350,57754423.56,1.19,1.28,1.28,5/17/2015,,1.32,0,0,6.873056,6.873056
Dehiwala,10350,57481494.29,1.1931,1.28,1.28,5/12/2015,4/23/2012,1.32,0,0,6.873056,6.873056
Dehiwala,10350,57478930.74,1.1937,1.28,1.28,5/12/2015,12/13/2015,1.33,0,0,6.873056,6.873056
Dehiwala,10350,57475239.45,1.1945,1.29,1.29,5/10/2015,7/27/2017,1.33,0,0,6.873056,6.873056
Dehiwala,10350,57352054.62,1.1962,1.29,1.29,5/10/2015,2/3/2015,1.33,1,0,6.873056,6.873056
Dehiwala,10350,57325100.86,1.2009,1.29,1.29,5/10/2015,,1.33,1,0,6.873056,6.873056
Dehiwala,10350,57237169.57,1.2015,1.29,1.3,5/7/2015,7/18/2012,1.33,0,0,6.873056,6.873056
Dehiwala,10350,57162350.76,1.2024,1.29,1.31,5/2/2015,2/3/2013,1.34,1,0,6.873056,6.873056
Dehiwala,10350,57047036.86,1.2105,1.29,1.31,5/1/2015,10/27/2014,1.34,0,0,6.873056,6.873056
Dehiwala,10350,57017538.19,1.2148,1.3,1.31,4/29/2015,9/21/2016,1.34,0,0,6.873056,6.873056
Dehiwala,10350,56960558.02,1.2161,1.3,1.31,4/25/2015,9/7/2014,1.34,0,0,6.873056,6.873056
Dehiwala,10350,56886713.22,1.2229,1.31,1.31,4/18/2015,1/26/2014,1.35,0,0,6.873056,6.873056
Dehiwala,10350,56815681.25,1.2245,1.31,1.31,4/17/2015,8/9/2014,1.35,1,0,6.873056,6.873056
Dehiwala,10350,56710691.04,1.226,1.32,1.31,4/16/2015,5/7/2012,1.36,0,0,6.873056,6.873056
Dehiwala,10350,56541247.9,1.2325,1.32,1.32,4/14/2015,4/15/2013,1.36,0,0,6.873056,6.873056
Dehiwala,10350,56523707.49,1.2329,1.32,1.32,4/13/2015,8/28/2017,1.36,0,0,6.873056,6.873056
Dehiwala,10350,56314210.12,1.233,1.33,1.32,4/12/2015,7/11/2015,1.36,0,0,6.873056,6.873056
Dehiwala,10350,56203097.61,1.2334,1.33,1.32,4/11/2015,9/23/2012,1.37,0,0,6.873056,6.873056
Dehiwala,10350,56052959.29,1.239,1.33,1.32,4/7/2015,3/25/2013,1.38,1,0,6.873056,6.873056
Mountin Lavania,10370,55962093.98,1.2405,1.33,1.33,4/6/2015,6/5/2012,1.38,0,0,6.873056,79.875833
Mountin Lavania,10370,55882182.4,1.2429,1.33,1.33,4/6/2015,8/17/2015,1.38,1,0,6.873056,79.875833
Mountin Lavania,10370,55810038.49,1.2457,1.33,1.33,3/31/2015,11/10/2016,1.38,1,0,6.873056,79.875833
Mountin Lavania,10370,55781865.11,1.2469,1.33,1.33,3/30/2015,5/13/2014,1.38,0,0,6.873056,79.875833
Mountin Lavania,10370,55678085.36,1.2496,1.34,1.33,3/29/2015,9/6/2014,1.39,0,0,6.873056,79.875833
Mountin Lavania,10370,55600428.4,1.255,1.34,1.34,3/24/2015,10/22/2012,1.39,1,0,6.873056,79.875833
Mountin Lavania,10370,55597581.92,1.2553,1.35,1.34,3/24/2015,,1.4,1,0,6.873056,79.875833
Mountin Lavania,10370,55591895.57,1.2555,1.35,1.34,3/24/2015,4/27/2018,1.4,0,0,6.873056,79.875833
Mountin Lavania,10370,55577677.7,1.2564,1.35,1.34,3/22/2015,9/10/2016,1.4,1,0,6.873056,79.875833
Mountin Lavania,10370,55533268.53,1.2591,1.35,1.35,3/21/2015,6/23/2013,1.4,1,0,6.873056,79.875833
Mountin Lavania,10370,55506543.73,1.2634,1.36,1.35,3/18/2015,2/13/2015,1.41,0,0,6.873056,79.875833
Mountin Lavania,10370,55496192.19,1.2643,1.36,1.36,3/18/2015,11/30/2017,1.41,1,0,6.873056,79.875833
Mountin Lavania,10370,55485682.64,1.2678,1.36,1.38,3/15/2015,1/31/2016,1.42,1,0,6.873056,79.875833
Mountin Lavania,10370,55456742.94,1.2698,1.37,1.38,3/15/2015,7/12/2013,1.42,1,0,6.873056,79.875833
Mountin Lavania,10370,55435810,1.2704,1.37,1.38,3/12/2015,11/30/2015,1.42,0,0,6.873056,79.875833
Mountin Lavania,10370,55356828.22,1.2732,1.38,1.39,3/9/2015,5/27/2014,1.43,1,0,6.873056,79.875833
Mountin Lavania,10370,55310852.09,1.2741,1.38,1.4,3/8/2015,,1.43,1,0,6.873056,79.875833
Mountin Lavania,10370,55240094.76,1.2772,1.38,1.41,3/7/2015,9/18/2014,1.44,1,0,6.873056,79.875833
Mountin Lavania,10370,55200561.09,1.2799,1.38,1.41,3/7/2015,1/11/2014,1.44,1,0,6.873056,79.875833
Mountin Lavania,10370,55130161.33,1.2802,1.39,1.41,3/7/2015,9/12/2015,1.45,0,0,6.873056,79.875833
Mountin Lavania,10370,54972341.89,1.2811,1.39,1.41,3/4/2015,5/5/2012,1.45,0,0,6.873056,79.875833
Ratmalana,10390,54768076.95,1.2819,1.4,1.41,3/4/2015,3/31/2018,1.45,1,0,6.821944,79.886111
Ratmalana,10390,54743971.52,1.285,1.4,1.41,3/3/2015,11/15/2012,1.45,1,0,6.821944,79.886111
Ratmalana,10390,54584198.74,1.291,1.42,1.42,2/27/2015,,1.45,0,0,6.821944,79.886111
Ratmalana,10390,54574611.91,1.3041,1.42,1.42,2/21/2015,10/31/2016,1.45,0,0,6.821944,79.886111
Ratmalana,10390,54566515.9,1.31,1.43,1.43,2/18/2015,4/15/2018,1.45,1,0,6.821944,79.886111
Ratmalana,10390,54549644.71,1.3117,1.43,1.43,2/16/2015,,1.46,1,0,6.821944,79.886111
Ratmalana,10390,54543066.19,1.3143,1.43,1.44,2/14/2015,6/15/2012,1.46,1,0,6.821944,79.886111
Ratmalana,10390,54510375.47,1.3168,1.44,1.44,2/11/2015,2/27/2014,1.46,1,0,6.821944,79.886111
Ratmalana,10390,54500781.99,1.324,1.45,1.45,2/11/2015,3/1/2014,1.47,0,0,6.821944,79.886111
Ratmalana,10390,54463634.26,1.3258,1.45,1.45,2/10/2015,7/11/2016,1.47,0,0,6.821944,79.886111
Ratmalana,10390,54399007.29,1.3289,1.45,1.45,2/10/2015,4/11/2015,1.47,0,0,6.821944,79.886111
Ratmalana,10390,54302009.83,1.3303,1.46,1.45,2/10/2015,6/23/2016,1.48,1,0,6.821944,79.886111
Ratmalana,10390,54227148.98,1.3389,1.46,1.45,2/10/2015,7/30/2012,1.48,0,0,6.821944,79.886111
Ratmalana,10390,54200140.65,1.3395,1.47,1.46,2/7/2015,3/20/2015,1.48,0,0,6.821944,79.886111
Ratmalana,10390,54183220.49,1.3402,1.47,1.46,2/3/2015,9/2/2017,1.49,1,0,6.821944,79.886111
Ratmalana,10390,54182861.22,1.3443,1.47,1.46,2/2/2015,1/10/2018,1.49,0,0,6.821944,79.886111
Ratmalana,10390,54079418.54,1.3466,1.48,1.47,1/28/2015,8/7/2014,1.49,1,0,6.821944,79.886111
Ratmalana,10390,53958552.36,1.3512,1.48,1.47,1/28/2015,1/10/2017,1.5,0,0,6.821944,79.886111
Moratuwa,10400,53912868.06,1.3529,1.49,1.48,1/26/2015,9/2/2016,1.5,1,0,6.799072,79.876678
Moratuwa,10400,53896311.92,1.3536,1.49,1.49,1/25/2015,5/10/2012,1.5,0,0,6.799072,79.876678
Moratuwa,10400,53825579.74,1.3604,1.49,1.49,1/25/2015,6/11/2015,1.51,1,0,6.799072,79.876678
Moratuwa,10400,53614308.14,1.3604,1.5,1.49,1/22/2015,12/11/2014,1.51,0,0,6.799072,79.876678
Moratuwa,10400,53544201.83,1.3647,1.5,1.49,1/22/2015,3/31/2014,1.51,1,0,6.799072,79.876678
Moratuwa,10400,53462516,1.3658,1.51,1.49,1/16/2015,5/17/2013,1.52,0,0,6.799072,79.876678
Moratuwa,10400,53422731.63,1.3671,1.51,1.49,1/16/2015,,1.53,1,0,6.799072,79.876678
Moratuwa,10400,53302507.77,1.3673,1.51,1.49,1/15/2015,2/28/2014,1.53,,0,6.799072,79.876678
Moratuwa,10400,53281078.15,1.3724,1.52,1.49,1/14/2015,10/16/2013,1.53,1,0,6.799072,79.876678
Moratuwa,10400,53248949.64,1.3739,1.52,1.5,1/13/2015,11/23/2015,1.54,1,0,6.799072,79.876678
Moratuwa,10400,52918235.44,1.376,1.52,1.51,1/12/2015,3/29/2015,1.54,0,0,6.799072,79.876678
Moratuwa,10400,52918039.57,1.381,1.52,1.51,1/12/2015,2/8/2017,1.54,0,0,6.799072,79.876678
Moratuwa,10400,52897194,1.3811,1.53,1.51,1/6/2015,3/6/2012,1.54,1,0,6.799072,79.876678
Moratuwa,10400,52863854.76,1.3831,1.53,1.52,1/6/2015,3/10/2018,1.54,1,0,6.799072,79.876678
Moratuwa,10400,52781779.34,1.3867,1.54,1.52,1/1/2015,10/28/2014,1.55,1,0,6.799072,79.876678
colombo-07,700,52629841.97,1.3897,1.54,1.52,12/26/2014,,1.55,0,0,6.906667,79.863333
colombo-07,700,52493548.76,1.3917,1.54,1.52,12/22/2014,5/30/2017,1.56,1,0,6.906667,79.863333
colombo-07,700,52473711.96,1.3958,1.54,1.52,12/21/2014,7/19/2016,1.56,0,0,6.906667,79.863333
colombo-07,700,52353178.67,1.3965,1.54,1.53,12/21/2014,11/18/2012,1.56,0,0,6.906667,79.863333
colombo-07,700,52308419.86,1.3968,1.54,1.53,12/20/2014,2/13/2012,1.56,1,0,6.906667,79.863333
colombo-07,700,52161859.8,1.397,1.55,1.53,12/20/2014,5/30/2013,1.57,1,0,6.906667,79.863333
colombo-07,700,52144263.8,1.4016,1.56,1.53,12/17/2014,5/10/2012,1.57,0,0,6.906667,79.863333
colombo-07,700,52057928.05,1.4016,1.56,1.53,12/13/2014,1/9/2018,1.57,0,0,6.906667,79.863333
colombo-07,700,52029096.16,1.4082,1.56,1.54,12/8/2014,12/11/2017,1.58,0,0,6.906667,79.863333
colombo-07,700,51751683.64,1.4126,1.57,1.54,12/8/2014,1/29/2018,1.58,1,0,6.906667,79.863333
colombo-07,700,51718539.61,1.4244,1.57,1.54,12/7/2014,,1.58,0,0,6.906667,79.863333
colombo-07,700,51643457.83,1.4273,1.57,1.54,12/6/2014,,1.59,1,0,6.906667,79.863333
colombo-07,700,51590019.27,1.4303,1.57,1.55,11/28/2014,,1.59,1,0,6.906667,79.863333
colombo-07,700,51492754.36,1.4379,1.57,1.55,11/23/2014,6/25/2012,1.59,0,0,6.906667,79.863333
colombo-07,700,51381905.82,1.4391,1.58,1.55,11/22/2014,9/6/2015,1.6,1,0,6.906667,79.863333
colombo-07,700,51163742.39,1.4393,1.58,1.56,11/21/2014,5/2/2013,1.6,1,0,6.906667,79.863333
colombo-07,700,51112056.48,1.4398,1.58,1.57,11/21/2014,5/27/2014,1.6,0,0,6.906667,79.863333
colombo-07,700,51108106.11,1.4409,1.59,1.57,11/20/2014,10/24/2015,1.6,1,0,6.906667,79.863333
colombo-07,700,51051737.9,1.4417,1.59,1.57,11/20/2014,7/24/2016,1.6,0,0,6.900556,79.853333
Kollupitiya,300,50868796.47,1.4419,1.59,1.57,11/19/2014,8/3/2012,1.61,1,0,6.900556,79.853333
Kollupitiya,300,50792382.34,1.4431,1.59,1.59,11/19/2014,9/18/2017,1.62,0,0,6.900556,79.853333
Kollupitiya,300,50645282.77,1.4478,1.59,1.59,11/19/2014,3/13/2014,1.62,1,0,6.900556,79.853333
Kollupitiya,300,50600698.45,1.4538,1.59,1.59,11/17/2014,2/6/2017,1.62,0,0,6.900556,79.853333
Kollupitiya,300,50551973.58,1.4612,1.6,1.59,11/16/2014,8/28/2013,1.62,0,0,6.900556,79.853333
Kollupitiya,300,50513877.49,1.4657,1.6,1.6,11/12/2014,,1.63,0,0,6.900556,79.853333
Kollupitiya,300,50465384.5,1.4658,1.6,1.6,11/7/2014,1/4/2017,1.63,1,0,6.900556,79.853333
Kollupitiya,300,50452160.2,1.4734,1.61,1.6,11/7/2014,11/1/2015,1.63,1,0,6.900556,79.853333
Kollupitiya,300,50284279.65,1.474,1.61,1.61,11/6/2014,5/25/2012,1.63,1,0,6.900556,79.853333
Kollupitiya,300,50275404.43,1.4752,1.62,1.61,11/6/2014,9/21/2017,1.64,1,0,6.900556,79.853333
Kollupitiya,300,50211743.35,1.479,1.63,1.61,11/6/2014,5/27/2013,1.64,0,0,6.900556,79.853333
Kollupitiya,300,50052078.72,1.4794,1.63,1.61,11/3/2014,8/22/2012,1.64,1,0,6.900556,79.853333
Kollupitiya,300,49878658.72,1.4889,1.63,1.61,11/2/2014,1/14/2016,1.64,1,0,6.900556,79.853333
Kollupitiya,300,49815285.51,1.497,1.63,1.62,10/31/2014,9/1/2016,1.65,1,0,6.900556,79.853333
Kollupitiya,300,49784391.8,1.5114,1.63,1.62,10/29/2014,11/1/2016,1.65,0,0,6.900556,79.853333
Kollupitiya,300,49671408.98,1.5132,1.63,1.62,10/26/2014,1/23/2018,1.65,0,0,6.900556,79.853333
Kollupitiya,300,49662396.85,1.5181,1.64,1.63,10/22/2014,11/28/2017,1.66,1,0,6.900556,79.853333
Kollupitiya,300,49443635.65,1.5182,1.64,1.64,10/21/2014,,1.66,0,0,6.900556,79.853333
Kollupitiya,300,49200937.25,1.5224,1.64,1.64,10/17/2014,8/19/2012,1.67,0,0,6.900556,79.853333
Kollupitiya,300,49132600.66,1.528,1.64,1.65,10/16/2014,,1.67,0,0,6.900556,79.853333
Kollupitiya,300,48816534.35,1.5294,1.64,1.65,10/16/2014,7/18/2015,1.67,0,0,6.900556,79.853333
Bambalapittiya,400,48811523.34,1.5301,1.65,1.65,10/15/2014,9/26/2015,1.68,0,0,6.888889,79.856667
Bambalapittiya,400,48386001.62,1.5381,1.66,1.65,10/13/2014,2/6/2017,1.68,0,0,6.888889,79.856667
Bambalapittiya,400,48374524.66,1.5391,1.66,1.66,10/11/2014,2/8/2017,1.68,1,0,6.888889,79.856667
Bambalapittiya,400,48344082.41,1.5421,1.66,1.66,10/7/2014,8/27/2017,1.68,1,0,6.888889,79.856667
Bambalapittiya,400,48343334.46,1.5439,1.67,1.66,10/3/2014,2/25/2018,1.68,1,0,6.888889,79.856667
Bambalapittiya,400,47943109.08,1.5455,1.67,1.67,10/1/2014,2/12/2014,1.68,1,0,6.888889,79.856667
Bambalapittiya,400,47853611.21,1.5488,1.68,1.67,10/1/2014,3/4/2012,1.69,1,0,6.888889,79.856667
Bambalapittiya,400,47832668.38,1.55,1.68,1.67,9/29/2014,7/19/2014,1.69,0,0,6.888889,79.856667
Bambalapittiya,400,47794369.97,1.5509,1.69,1.68,9/29/2014,5/14/2013,1.69,0,0,6.888889,79.856667
Bambalapittiya,400,47669299.95,1.5556,1.69,1.68,9/27/2014,7/14/2015,1.69,0,0,6.888889,79.856667
Bambalapittiya,400,47610341.1,1.562,1.69,1.68,9/27/2014,,1.69,0,0,6.888889,79.856667
Bambalapittiya,400,47561364.22,1.5692,1.7,1.68,9/23/2014,9/3/2015,1.7,0,0,6.888889,79.856667
Bambalapittiya,400,47432537.58,1.5761,1.7,1.68,9/23/2014,4/22/2016,1.7,1,0,6.888889,79.856667
Bambalapittiya,400,47180498.83,1.5763,1.7,1.68,9/23/2014,4/4/2014,1.7,0,0,6.888889,79.856667
Bambalapittiya,400,47001713.52,1.5795,1.71,1.69,9/20/2014,2/19/2016,1.71,0,0,6.888889,79.856667
Bambalapittiya,400,46924189.56,1.5799,1.71,1.69,9/18/2014,,1.72,1,0,6.888889,79.856667
Bambalapittiya,400,46753716.37,1.5814,1.71,1.69,9/18/2014,12/1/2014,1.72,1,0,6.888889,79.856667
Bambalapittiya,400,46689977.09,1.5831,1.72,1.69,9/12/2014,2/10/2016,1.72,1,0,6.888889,79.856667
Bambalapittiya,400,46636059.91,1.5835,1.72,1.71,9/12/2014,4/14/2014,1.72,0,0,6.888889,79.856667
Bambalapittiya,400,46585960.1,1.5877,1.72,1.72,9/10/2014,2/28/2018,1.73,1,0,6.888889,79.856667
Bambalapittiya,400,46542791.26,1.5925,1.72,1.72,9/7/2014,7/1/2015,1.74,0,0,6.888889,79.856667
Bambalapittiya,400,46487170.3,1.5968,1.73,1.72,9/5/2014,3/10/2015,1.74,0,0,6.888889,79.856667
Bambalapittiya,400,46474287.23,1.5973,1.73,1.73,9/4/2014,11/12/2013,1.74,1,0,6.888889,79.856667
Bambalapittiya,400,46257539.2,1.5995,1.74,1.73,8/31/2014,,1.75,0,0,6.888889,79.856667
Bambalapittiya,400,45941121.2,1.6046,1.74,1.73,8/27/2014,10/12/2015,1.75,0,0,6.888889,79.856667
Bambalapittiya,400,45883910.55,1.6067,1.75,1.74,8/21/2014,,1.76,1,0,6.888889,79.856667
Bambalapittiya,400,45727525.16,1.6071,1.75,1.74,8/19/2014,5/5/2014,1.76,0,0,6.888889,79.856667
Bambalapittiya,400,45722740.67,1.6147,1.76,1.75,8/19/2014,1/16/2016,1.77,0,0,6.888889,79.856667
Bambalapittiya,400,45692778.72,1.6218,1.76,1.76,8/18/2014,7/16/2014,1.77,0,0,6.888889,79.856667
Bambalapittiya,400,45654325.63,1.6238,1.76,1.76,8/17/2014,12/25/2017,1.77,0,0,6.888889,79.856667
Bambalapittiya,400,45290247.94,1.6245,1.77,1.76,8/16/2014,2/14/2014,1.77,1,0,6.888889,79.856667
Bambalapittiya,400,45277480.65,1.6255,1.77,1.77,8/13/2014,8/14/2012,1.77,0,0,6.888889,79.856667
Bambalapittiya,400,45257702.24,1.6277,1.77,1.77,8/13/2014,10/14/2012,1.77,1,0,6.888889,79.856667
Bambalapittiya,400,45136296.73,1.6299,1.77,1.77,8/12/2014,1/2/2018,1.77,1,0,6.888889,79.856667
Bambalapittiya,400,45115271.42,1.6316,1.78,1.77,8/9/2014,4/29/2014,1.78,1,0,6.888889,79.856667
Bambalapittiya,400,45016067.73,1.6331,1.78,1.77,8/9/2014,12/13/2014,1.78,0,0,6.888889,79.856667
Bambalapittiya,400,44973385.68,1.6339,1.78,1.78,8/8/2014,9/18/2015,1.79,1,0,6.888889,79.856667
Bambalapittiya,400,44868836.09,1.6345,1.79,1.78,8/5/2014,1/10/2013,1.79,0,0,6.888889,79.856667
Bambalapittiya,400,44820753.63,1.6359,1.79,1.78,8/4/2014,1/31/2018,1.79,0,0,6.888889,79.856667
Havelock Town,500,44771015.35,1.6407,1.8,1.78,8/3/2014,2/13/2018,1.79,1,0,6.879444,79.865278
Havelock Town,500,44618250.85,1.6434,1.8,1.78,8/2/2014,,1.8,1,0,6.879444,79.865278
Havelock Town,500,44609908.11,1.6435,1.81,1.79,7/30/2014,2/24/2012,1.8,1,0,6.879444,79.865278
Havelock Town,500,44517578.68,1.646,1.82,1.79,7/27/2014,11/3/2017,1.8,1,0,6.879444,79.865278
Havelock Town,500,44476183.74,1.647,1.82,1.79,7/26/2014,12/21/2014,1.81,1,0,6.879444,79.865278
Havelock Town,500,44268072.47,1.6474,1.83,1.81,7/21/2014,4/3/2016,1.81,0,0,6.879444,79.865278
Havelock Town,500,44249807.32,1.6565,1.83,1.82,7/17/2014,,1.81,0,0,6.879444,79.865278
Havelock Town,500,44238524.01,1.6572,1.83,1.82,7/17/2014,4/3/2014,1.81,1,0,6.879444,79.865278
Havelock Town,500,44142186.53,1.6658,1.83,1.82,7/16/2014,7/25/2016,1.82,0,0,6.879444,79.865278
Havelock Town,500,44126950.75,1.6681,1.83,1.82,7/16/2014,10/25/2015,1.82,0,0,6.879444,79.865278
Havelock Town,500,44114281.21,1.6697,1.84,1.82,7/14/2014,3/16/2014,1.82,0,0,6.879444,79.865278
Havelock Town,500,44078660.69,1.6726,1.84,1.82,7/14/2014,6/1/2017,1.83,0,0,6.879444,79.865278
Havelock Town,500,44052430.58,1.6742,1.84,1.82,7/12/2014,7/22/2012,1.83,0,0,6.879444,79.865278
Havelock Town,500,43838338.05,1.6796,1.84,1.83,7/10/2014,,1.83,0,0,6.879444,79.865278
Havelock Town,500,43767039.52,1.6812,1.84,1.83,7/6/2014,2/4/2016,1.83,1,0,6.879444,79.865278
Havelock Town,500,43723149.67,1.6865,1.85,1.83,7/6/2014,3/11/2012,1.83,0,0,6.879444,79.865278
Havelock Town,500,43656326.58,1.6884,1.85,1.84,7/4/2014,12/28/2013,1.83,1,0,6.879444,79.865278
Havelock Town,500,43607645.5,1.691,1.85,1.84,7/2/2014,,1.83,0,0,6.879444,79.865278
wellawatha,600,43592535.03,1.6929,1.85,1.84,7/1/2014,1/11/2015,1.84,0,0,6.874657,79.860483
wellawatha,600,43536053,1.693,1.86,1.84,6/30/2014,10/4/2017,1.84,0,0,6.874657,79.860483
wellawatha,600,43515830.57,1.6949,1.86,1.85,6/30/2014,6/10/2017,1.85,1,0,6.874657,79.860483
wellawatha,600,43476224.44,1.6954,1.86,1.85,6/30/2014,3/25/2015,1.86,1,0,6.874657,79.860483
Wellawatha,600,43434927.84,1.6961,1.86,1.85,6/28/2014,2/22/2013,1.86,0,0,6.874657,79.860483
wellawatha,600,43414314.83,1.7056,1.87,1.85,6/26/2014,6/6/2017,1.86,0,0,6.874657,79.860483
wellawatha,600,43385997.58,1.7062,1.88,1.86,6/25/2014,12/12/2014,1.86,0,0,6.874657,79.860483
wellawatha,600,43184648.64,1.7078,1.88,1.86,6/23/2014,10/29/2015,1.87,1,0,6.874657,79.860483
wellawatha,600,43062215.66,1.7081,1.88,1.86,6/23/2014,10/3/2015,1.87,0,0,6.874657,79.860483
wellawatha,600,42894332.65,1.7143,1.88,1.86,6/17/2014,6/6/2017,1.87,1,0,6.874657,79.860483
wellawatha,600,42892464.47,1.7206,1.89,1.87,6/16/2014,4/29/2017,1.87,0,0,6.874657,79.860483
wellawatha,600,42877937.9,1.7255,1.89,1.87,6/13/2014,5/24/2013,1.87,0,0,6.874657,79.860483
wellawatha,600,42626306.48,1.7257,1.9,1.87,6/9/2014,4/6/2017,1.87,1,0,6.874657,79.860483
wellawatha,600,42482471.12,1.7279,1.9,1.87,6/8/2014,1/1/2016,1.88,1,0,6.874657,79.860483
wellawatha,600,42463602.92,1.7361,1.91,1.87,6/5/2014,,1.88,0,0,6.874657,79.860483
wellawatha,600,42408655.39,1.7379,1.91,1.87,6/4/2014,6/19/2017,1.88,1,0,6.874657,79.860483
wellawatha,600,42367053.15,1.7388,1.91,1.88,6/2/2014,4/20/2015,1.88,0,0,6.874657,79.860483
wellawatha,600,42212323.87,1.742,1.91,1.88,5/30/2014,6/11/2014,1.89,1,0,6.874657,79.860483
wellawatha,600,42115621.36,1.7463,1.92,1.88,5/28/2014,11/5/2017,1.89,0,0,6.874657,79.860483
Dehiwala,10350,42102380.98,1.7469,1.92,1.88,5/27/2014,5/11/2014,1.89,0,0,6.873056,6.873056
Dehiwala,10350,42043388.76,1.7533,1.92,1.89,5/27/2014,1/6/2017,1.89,0,0,6.873056,6.873056
Dehiwala,10350,42029921.46,1.7541,1.92,1.89,5/22/2014,4/30/2016,1.9,0,0,6.873056,6.873056
Dehiwala,10350,41949515.86,1.7545,1.92,1.89,5/22/2014,3/12/2018,1.9,0,0,6.873056,6.873056
Dehiwala,10350,41844350.79,1.7561,1.93,1.89,5/22/2014,5/18/2012,1.9,0,0,6.873056,6.873056
Dehiwala,10350,41826742.83,1.7606,1.93,1.89,5/21/2014,3/7/2016,1.9,0,0,6.873056,6.873056
Dehiwala,10350,41371351.11,1.7647,1.94,1.9,5/20/2014,5/4/2016,1.9,1,0,6.873056,6.873056
Dehiwala,10350,41235263.51,1.7664,1.94,1.9,5/19/2014,12/16/2017,1.91,0,0,6.873056,6.873056
Dehiwala,10350,41092333.82,1.7819,1.95,1.9,5/17/2014,6/14/2013,1.91,0,0,6.873056,6.873056
Dehiwala,10350,41085773.69,1.7827,1.95,1.91,5/17/2014,,1.91,0,0,6.873056,6.873056
Dehiwala,10350,40972344.91,1.7851,1.95,1.91,5/15/2014,1/7/2018,1.91,1,0,6.873056,6.873056
Dehiwala,10350,40958224.71,1.7869,1.96,1.92,5/12/2014,2/13/2017,1.92,1,0,6.873056,6.873056
Dehiwala,10350,40933281.83,1.7891,1.96,1.92,5/5/2014,9/6/2012,1.92,1,0,6.873056,6.873056
Dehiwala,10350,40926772.94,1.8043,1.96,1.93,5/2/2014,6/22/2012,1.93,0,0,6.873056,6.873056
Dehiwala,10350,40900305.16,1.8043,1.96,1.94,4/30/2014,9/21/2015,1.93,1,0,6.873056,6.873056
Dehiwala,10350,40887655.37,1.8053,1.96,1.94,4/30/2014,8/18/2017,1.93,1,0,6.873056,6.873056
Dehiwala,10350,40660364.85,1.8059,1.97,1.94,4/25/2014,7/28/2013,1.93,1,0,6.873056,6.873056
Dehiwala,10350,40537399.47,1.8075,1.97,1.94,4/21/2014,9/11/2016,1.93,1,0,6.873056,6.873056
Dehiwala,10350,40399309.07,1.8091,1.97,1.95,4/19/2014,7/2/2017,1.93,1,0,6.873056,6.873056
Mountin Lavania,10370,40389466.69,1.8116,1.97,1.95,4/15/2014,11/9/2015,1.93,0,0,6.873056,79.875833
Mountin Lavania,10370,40245692.83,1.8158,1.97,1.95,4/13/2014,11/29/2016,1.94,0,0,6.873056,79.875833
Mountin Lavania,10370,40183736.55,1.8197,1.98,1.95,4/9/2014,,1.94,1,0,6.873056,79.875833
Mountin Lavania,10370,40086011.65,1.8308,1.98,1.96,4/9/2014,5/17/2017,1.94,1,0,6.873056,79.875833
Mountin Lavania,10370,40019475.49,1.8346,1.98,1.96,4/9/2014,,1.94,1,0,6.873056,79.875833
Mountin Lavania,10370,40005227.28,1.8376,1.99,1.96,4/4/2014,9/18/2014,1.95,1,0,6.873056,79.875833
Mountin Lavania,10370,39991221.5,1.8423,1.99,1.96,4/3/2014,12/8/2012,1.95,0,0,6.873056,79.875833
Mountin Lavania,10370,39917354.42,1.8504,2,1.97,4/2/2014,6/28/2014,1.95,1,0,6.873056,79.875833
Mountin Lavania,10370,39890091.16,1.8522,2,1.97,3/31/2014,7/20/2013,1.95,0,0,6.873056,79.875833
Mountin Lavania,10370,39801929.99,1.854,2.01,1.97,3/28/2014,3/27/2015,1.95,1,0,6.873056,79.875833
Mountin Lavania,10370,39562237.16,1.8615,2.01,1.98,3/27/2014,1/8/2017,1.95,0,0,6.873056,79.875833
Mountin Lavania,10370,39502718.58,1.8616,2.01,1.98,3/27/2014,,1.95,0,0,6.873056,79.875833
Mountin Lavania,10370,39495581.65,1.8618,2.02,1.98,3/26/2014,6/16/2012,1.96,0,0,6.873056,79.875833
Mountin Lavania,10370,39451357.65,1.8671,2.02,1.99,3/24/2014,2/14/2015,1.97,1,0,6.873056,79.875833
Mountin Lavania,10370,39380190.37,1.8692,2.03,1.99,3/23/2014,5/12/2013,1.97,0,0,6.873056,79.875833
Mountin Lavania,10370,39375099.62,1.8762,2.03,1.99,3/22/2014,3/26/2014,1.97,0,0,6.873056,79.875833
Mountin Lavania,10370,39356973.42,1.877,2.04,1.99,3/20/2014,5/29/2013,1.98,0,0,6.873056,79.875833
Mountin Lavania,10370,39275877.46,1.8771,2.04,2,3/15/2014,3/26/2016,1.98,0,0,6.873056,79.875833
Mountin Lavania,10370,39264035.05,1.8872,2.04,2.01,3/15/2014,11/8/2012,1.99,0,0,6.873056,79.875833
Ratmalana,10390,39056638.23,1.8885,2.04,2.01,3/15/2014,12/26/2016,1.99,0,0,6.821944,79.886111
Ratmalana,10390,38992011.01,1.8887,2.05,2.02,3/12/2014,,1.99,0,0,6.821944,79.886111
Ratmalana,10390,38834180.27,1.8946,2.05,2.02,3/8/2014,1/5/2013,1.99,0,0,6.821944,79.886111
Ratmalana,10390,38753328.65,1.9021,2.06,2.02,3/7/2014,1/11/2018,1.99,0,0,6.821944,79.886111
Ratmalana,10390,38716396.95,1.9021,2.07,2.02,3/7/2014,12/8/2014,1.99,0,0,6.821944,79.886111
Ratmalana,10390,38642225.16,1.9047,2.07,2.03,3/5/2014,5/10/2014,2,1,0,6.821944,79.886111
Ratmalana,10390,38410346.61,1.9072,2.07,2.03,3/5/2014,7/30/2013,2.01,0,0,6.821944,79.886111
Ratmalana,10390,38342987.44,1.9075,2.07,2.03,2/26/2014,12/30/2016,2.01,1,0,6.821944,79.886111
Ratmalana,10390,38170241.51,1.9098,2.08,2.03,2/22/2014,11/25/2016,2.01,1,0,6.821944,79.886111
Ratmalana,10390,38146013.85,1.9168,2.08,2.04,2/21/2014,11/25/2012,2.01,0,0,6.821944,79.886111
Ratmalana,10390,38137389.44,1.9217,2.08,2.04,2/19/2014,,2.01,1,0,6.821944,79.886111
Ratmalana,10390,38097934.2,1.9232,2.08,2.05,2/18/2014,,2.01,0,0,6.821944,79.886111
Ratmalana,10390,38036055.81,1.9283,2.08,2.05,2/17/2014,,2.02,0,0,6.821944,79.886111
Ratmalana,10390,37938212.86,1.929,2.09,2.05,2/16/2014,5/30/2013,2.02,0,0,6.821944,79.886111
Ratmalana,10390,37871294.12,1.939,2.1,2.06,2/14/2014,7/8/2016,2.02,1,0,6.821944,79.886111
Ratmalana,10390,37825649.67,1.94,2.1,2.06,2/9/2014,7/4/2016,2.03,0,0,6.821944,79.886111
Ratmalana,10390,37786073.6,1.9447,2.1,2.06,2/7/2014,2/2/2014,2.03,0,0,6.821944,79.886111
Ratmalana,10390,37757456.05,1.9518,2.12,2.06,2/6/2014,2/15/2012,2.03,1,0,6.821944,79.886111
Moratuwa,10400,37750395.91,1.9572,2.12,2.06,2/5/2014,11/19/2014,2.03,1,0,6.799072,79.876678
Moratuwa,10400,37635981.79,1.9677,2.12,2.07,1/30/2014,1/19/2018,2.04,0,0,6.799072,79.876678
Moratuwa,10400,37603846.44,1.9684,2.12,2.07,1/27/2014,10/9/2014,2.04,1,0,6.799072,79.876678
Moratuwa,10400,37585553.52,1.9722,2.13,2.07,1/22/2014,8/5/2014,2.04,1,0,6.799072,79.876678
Moratuwa,10400,37450240.88,1.9763,2.13,2.08,1/21/2014,4/23/2018,2.05,1,0,6.799072,79.876678
Moratuwa,10400,37410780.96,1.9765,2.13,2.08,1/17/2014,2/27/2015,2.05,0,0,6.799072,79.876678
Moratuwa,10400,37376472.46,1.9783,2.14,2.08,1/15/2014,1/25/2015,2.05,0,0,6.799072,79.876678
Moratuwa,10400,37330410.18,1.981,2.14,2.1,1/8/2014,5/29/2014,2.05,0,0,6.799072,79.876678
Moratuwa,10400,36870539.98,1.9816,2.14,2.1,1/7/2014,,2.05,0,0,6.799072,79.876678
Moratuwa,10400,36671020.12,1.9818,2.14,2.11,1/5/2014,10/30/2016,2.05,1,0,6.799072,79.876678
Moratuwa,10400,36501947.81,1.9828,2.14,2.11,1/1/2014,4/10/2013,2.06,0,0,6.799072,79.876678
colombo-07,700,36258096.78,1.9836,2.14,2.12,12/29/2013,8/7/2017,2.08,0,0,6.906667,79.863333
colombo-07,700,36226987.61,1.9866,2.15,2.12,12/21/2013,7/26/2012,2.08,1,0,6.906667,79.863333
colombo-07,700,36200924,1.993,2.15,2.12,12/19/2013,7/15/2013,2.09,0,0,6.906667,79.863333
colombo-07,700,35978014.47,1.9981,2.15,2.13,12/19/2013,,2.09,1,0,6.906667,79.863333
colombo-07,700,35904879.19,1.9985,2.15,2.14,12/18/2013,4/8/2012,2.09,0,0,6.906667,79.863333
colombo-07,700,35777831.84,1.9987,2.15,2.14,12/17/2013,10/27/2017,2.09,0,0,6.906667,79.863333
colombo-07,700,35516192.23,2.0025,2.15,2.14,12/13/2013,,2.09,0,0,6.906667,79.863333
colombo-07,700,35461172.13,2.0068,2.15,2.15,12/13/2013,7/19/2013,2.1,1,0,6.906667,79.863333
colombo-07,700,35423952.34,2.0082,2.16,2.15,12/12/2013,5/1/2013,2.1,1,0,6.906667,79.863333
colombo-07,700,35408484.79,2.0103,2.16,2.15,12/11/2013,1/26/2016,2.11,0,0,6.906667,79.863333
colombo-07,700,35342370.06,2.0131,2.16,2.15,12/8/2013,4/23/2018,2.11,0,0,6.906667,79.863333
colombo-07,700,35295057.08,2.0168,2.17,2.15,12/5/2013,6/5/2015,2.11,0,0,6.906667,79.863333
colombo-07,700,35163405.42,2.0266,2.17,2.16,12/5/2013,1/15/2016,2.12,0,0,6.906667,79.863333
colombo-07,700,35161983.27,2.0369,2.18,2.16,12/5/2013,3/3/2013,2.12,1,0,6.906667,79.863333
colombo-07,700,35142756.97,2.0387,2.18,2.16,12/4/2013,,2.12,0,0,6.906667,79.863333
colombo-07,700,35112981.44,2.0412,2.19,2.16,11/29/2013,4/1/2014,2.13,1,0,6.906667,79.863333
colombo-07,700,34906445.51,2.0468,2.19,2.16,11/25/2013,2/6/2013,2.13,0,0,6.906667,79.863333
colombo-07,700,34662411.31,2.0475,2.19,2.16,11/24/2013,3/5/2013,2.13,1,0,6.906667,79.863333
colombo-07,700,34635455.71,2.051,2.19,2.17,11/22/2013,3/11/2012,2.14,1,0,6.906667,79.863333
Kollupitiya,300,34447267.95,2.0524,2.2,2.17,11/21/2013,1/25/2015,2.14,0,0,6.900556,79.853333
Kollupitiya,300,34384758.62,2.0563,2.21,2.17,11/20/2013,12/17/2015,2.14,0,0,6.900556,79.853333
Kollupitiya,300,34356321.18,2.0581,2.21,2.18,11/18/2013,5/14/2014,2.16,0,0,6.900556,79.853333
Kollupitiya,300,34294650.01,2.0581,2.21,2.18,11/17/2013,2/7/2018,2.16,1,0,6.900556,79.853333
Kollupitiya,300,34168380.48,2.0617,2.21,2.19,11/16/2013,10/20/2013,2.16,1,0,6.900556,79.853333
Kollupitiya,300,33918067.86,2.0672,2.22,2.19,11/15/2013,,2.16,1,0,6.900556,79.853333
Kollupitiya,300,33820263.32,2.0696,2.22,2.19,11/15/2013,6/20/2014,2.16,0,0,6.900556,79.853333
Kollupitiya,300,33811044.38,2.0709,2.22,2.19,11/14/2013,,2.17,0,0,6.900556,79.853333
Kollupitiya,300,33660645.41,2.0768,2.22,2.2,11/12/2013,8/4/2012,2.17,0,0,6.900556,79.853333
Kollupitiya,300,33499910.55,2.0785,2.22,2.21,11/9/2013,,2.17,0,0,6.900556,79.853333
Kollupitiya,300,33483620.36,2.0786,2.23,2.21,11/8/2013,12/6/2017,2.17,0,0,6.900556,79.853333
Kollupitiya,300,33451611.42,2.0818,2.24,2.22,11/7/2013,9/25/2017,2.17,0,0,6.900556,79.853333
Kollupitiya,300,33434507.04,2.0853,2.24,2.23,11/6/2013,6/6/2016,2.18,0,0,6.900556,79.853333
Kollupitiya,300,33402470.24,2.0864,2.24,2.23,11/6/2013,7/5/2015,2.18,0,0,6.900556,79.853333
Bambalapittiya,400,33359243.95,2.0913,2.24,2.23,11/4/2013,7/10/2016,2.18,1,0,6.888889,79.856667
Bambalapittiya,400,33256306.86,2.0927,2.24,2.23,10/29/2013,7/22/2014,2.18,1,0,6.888889,79.856667
Bambalapittiya,400,33171287.29,2.0934,2.24,2.23,10/26/2013,9/6/2015,2.18,0,0,6.888889,79.856667
Bambalapittiya,400,33158333,2.0957,2.25,2.23,10/26/2013,2/19/2014,2.18,1,0,6.888889,79.856667
Bambalapittiya,400,33113114.19,2.0964,2.25,2.23,10/24/2013,12/23/2015,2.19,0,0,6.888889,79.856667
Bambalapittiya,400,33100443.62,2.1175,2.25,2.23,10/17/2013,,2.19,0,0,6.888889,79.856667
Bambalapittiya,400,32874812.89,2.1195,2.25,2.24,10/15/2013,8/29/2014,2.19,1,0,6.888889,79.856667
Bambalapittiya,400,32812499.8,2.1275,2.25,2.24,10/14/2013,10/6/2014,2.2,0,0,6.888889,79.856667
Bambalapittiya,400,32805089.91,2.1355,2.26,2.24,10/13/2013,7/25/2015,2.2,0,0,6.888889,79.856667
Bambalapittiya,400,32513555.72,2.1376,2.27,2.25,10/12/2013,3/24/2018,2.2,1,0,6.888889,79.856667
Bambalapittiya,400,32476924.35,2.139,2.28,2.25,10/9/2013,1/17/2017,2.2,0,0,6.888889,79.856667
Bambalapittiya,400,32386348.99,2.1479,2.28,2.26,10/9/2013,6/12/2012,2.2,0,0,6.888889,79.856667
Bambalapittiya,400,32364207.51,2.1494,2.28,2.26,10/5/2013,3/8/2018,2.21,0,0,6.888889,79.856667
Bambalapittiya,400,32218723.24,2.1504,2.28,2.26,10/3/2013,4/13/2015,2.21,1,0,6.888889,79.856667
Bambalapittiya,400,32120135.17,2.1513,2.28,2.26,10/2/2013,7/12/2016,2.21,1,0,6.888889,79.856667
Bambalapittiya,400,31652385.25,2.1515,2.28,2.26,10/1/2013,10/14/2014,2.21,0,0,6.888889,79.856667
Bambalapittiya,400,31487728.13,2.1527,2.28,2.27,9/30/2013,2/29/2012,2.22,0,0,6.888889,79.856667
Bambalapittiya,400,31411109.1,2.1531,2.29,2.27,9/28/2013,,2.23,1,0,6.888889,79.856667
Bambalapittiya,400,31362731.16,2.1536,2.29,2.28,9/22/2013,3/1/2015,2.23,1,0,6.888889,79.856667
Bambalapittiya,400,31285962.73,2.1577,2.29,2.28,9/21/2013,10/22/2012,2.24,1,0,6.888889,79.856667
Bambalapittiya,400,31233269.05,2.1626,2.29,2.28,9/20/2013,1/29/2015,2.25,1,0,6.888889,79.856667
Bambalapittiya,400,31220497.51,2.1641,2.3,2.29,9/16/2013,10/13/2014,2.25,1,0,6.888889,79.856667
Bambalapittiya,400,31014757.88,2.1657,2.3,2.29,9/16/2013,4/7/2017,2.25,1,0,6.888889,79.856667
Bambalapittiya,400,30981179.11,2.1689,2.31,2.29,9/14/2013,7/13/2012,2.25,0,0,6.888889,79.856667
Bambalapittiya,400,30758914.68,2.1691,2.31,2.29,9/13/2013,1/12/2013,2.25,0,0,6.888889,79.856667
Bambalapittiya,400,30728470.38,2.1696,2.31,2.29,9/12/2013,9/7/2012,2.25,1,0,6.888889,79.856667
Bambalapittiya,400,30591142.34,2.1718,2.32,2.29,9/10/2013,1/29/2016,2.25,1,0,6.888889,79.856667
Bambalapittiya,400,30561129.88,2.1772,2.33,2.31,9/8/2013,7/27/2012,2.25,0,0,6.888889,79.856667
Bambalapittiya,400,30550086.28,2.1962,2.33,2.31,9/6/2013,3/31/2012,2.25,0,0,6.888889,79.856667
Bambalapittiya,400,30535236.11,2.1972,2.33,2.31,9/5/2013,10/14/2015,2.26,1,0,6.888889,79.856667
Havelock Town,500,30534401.73,2.1972,2.33,2.31,9/2/2013,9/18/2014,2.26,0,0,6.879444,79.865278
Havelock Town,500,30437715.02,2.1978,2.34,2.31,9/2/2013,6/28/2012,2.26,1,0,6.879444,79.865278
Havelock Town,500,30410409.07,2.2006,2.35,2.31,8/31/2013,4/11/2015,2.26,0,0,6.879444,79.865278
Havelock Town,500,30361106.31,2.2055,2.35,2.31,8/26/2013,10/9/2016,2.26,1,0,6.879444,79.865278
Havelock Town,500,30348229.45,2.2064,2.36,2.31,8/24/2013,4/9/2018,2.26,0,0,6.879444,79.865278
Havelock Town,500,30328006.73,2.2091,2.36,2.31,8/24/2013,3/18/2014,2.27,1,0,6.879444,79.865278
Havelock Town,500,30142809.84,2.2107,2.36,2.32,8/18/2013,6/5/2017,2.27,0,0,6.879444,79.865278
Havelock Town,500,30107725.05,2.2122,2.36,2.32,8/18/2013,8/21/2013,2.27,1,0,6.879444,79.865278
Havelock Town,500,30105321.7,2.2155,2.37,2.33,8/15/2013,,2.28,1,0,6.879444,79.865278
Havelock Town,500,30023852.33,2.2212,2.37,2.33,8/14/2013,1/5/2014,2.28,0,0,6.879444,79.865278
Havelock Town,500,29973136.95,2.2215,2.37,2.33,8/13/2013,8/18/2017,2.29,1,0,6.879444,79.865278
Havelock Town,500,29836469.17,2.2245,2.37,2.34,8/11/2013,,2.29,1,0,6.879444,79.865278
Havelock Town,500,29800631.76,2.2255,2.37,2.34,8/8/2013,9/8/2017,2.29,1,0,6.879444,79.865278
Havelock Town,500,29787287.52,2.2266,2.38,2.34,8/7/2013,6/8/2016,2.3,1,0,6.879444,79.865278
Havelock Town,500,29654877.69,2.2272,2.38,2.34,8/5/2013,9/5/2016,2.3,0,0,6.879444,79.865278
Havelock Town,500,29514937.29,2.2338,2.38,2.34,7/31/2013,12/28/2014,2.3,0,0,6.879444,79.865278
Havelock Town,500,29411936.47,2.2343,2.38,2.35,7/30/2013,12/15/2013,2.3,1,0,6.879444,79.865278
Havelock Town,500,29277034.57,2.2382,2.38,2.35,7/28/2013,10/21/2017,2.3,1,0,6.879444,79.865278
Havelock Town,500,29270210.08,2.2393,2.39,2.35,7/26/2013,,2.31,1,0,6.879444,79.865278
Havelock Town,500,29074215.58,2.243,2.39,2.36,7/23/2013,,2.31,0,0,6.879444,79.865278
Havelock Town,500,28974001.63,2.247,2.4,2.37,7/21/2013,4/10/2017,2.31,0,0,6.879444,79.865278
wellawatha,600,28954145.14,2.2491,2.4,2.37,7/19/2013,11/9/2015,2.32,1,0,6.874657,79.860483
wellawatha,600,28920125.79,2.2504,2.4,2.37,7/17/2013,11/20/2017,2.32,0,0,6.874657,79.860483
wellawatha,600,28698759.67,2.2562,2.4,2.38,7/15/2013,11/22/2017,2.32,1,0,6.874657,79.860483
wellawatha,600,28675606.25,2.2562,2.41,2.38,7/14/2013,9/6/2012,2.33,0,0,6.874657,79.860483
wellawatha,600,28666602.43,2.2593,2.41,2.38,7/13/2013,9/22/2015,2.33,1,0,6.874657,79.860483
wellawatha,600,28504448,2.2662,2.42,2.39,7/13/2013,4/26/2012,2.33,0,0,6.874657,79.860483
wellawatha,600,28358065.05,2.2669,2.42,2.39,7/11/2013,9/6/2017,2.34,0,0,6.874657,79.860483
wellawatha,600,28356698.62,2.268,2.42,2.39,7/9/2013,4/17/2012,2.34,1,0,6.874657,79.860483
wellawatha,600,28349524.03,2.2705,2.43,2.39,7/9/2013,9/20/2015,2.34,0,0,6.874657,79.860483
wellawatha,600,28320551.12,2.2727,2.43,2.39,7/6/2013,11/20/2015,2.35,1,0,6.874657,79.860483
wellawatha,600,28310509.27,2.2733,2.43,2.39,7/4/2013,6/5/2016,2.36,1,0,6.874657,79.860483
wellawatha,600,28236854.09,2.2735,2.43,2.4,7/3/2013,5/15/2013,2.36,0,0,6.874657,79.860483
wellawatha,600,28121894.91,2.2736,2.43,2.4,7/2/2013,5/29/2014,2.36,0,0,6.874657,79.860483
wellawatha,600,27958590.45,2.2758,2.43,2.4,7/2/2013,5/1/2012,2.36,1,0,6.874657,79.860483
wellawatha,600,27836926.6,2.2787,2.44,2.4,6/26/2013,10/15/2015,2.36,0,0,6.874657,79.860483
wellawatha,600,27725820.73,2.2799,2.44,2.41,6/26/2013,7/21/2014,2.36,0,0,6.874657,79.860483
wellawatha,600,27724100.1,2.281,2.45,2.41,6/26/2013,2/10/2015,2.37,0,0,6.874657,79.860483
wellawatha,600,27678150.14,2.2831,2.45,2.42,6/25/2013,2/16/2013,2.39,1,0,6.874657,79.860483
wellawatha,600,27527690.24,2.2843,2.45,2.42,6/17/2013,1/16/2016,2.39,0,0,6.874657,79.860483
wellawatha,600,27188900.25,2.286,2.45,2.43,6/15/2013,2/25/2012,2.39,1,0,6.874657,79.860483
wellawatha,600,27113826.76,2.2861,2.45,2.43,6/12/2013,3/7/2013,2.39,0,0,6.874657,79.860483
Dehiwala,1350,27097294.78,2.2862,2.46,2.44,6/10/2013,11/28/2014,2.39,1,0,6.873056,6.873056
Dehiwala,10350,27033283.6,2.2882,2.46,2.44,6/7/2013,7/12/2014,2.39,0,0,6.873056,6.873056
Dehiwala,10350,26997373.37,2.2933,2.46,2.45,6/5/2013,5/31/2017,2.4,1,0,6.873056,6.873056
Dehiwala,10350,26863186.85,2.2978,2.47,2.45,6/2/2013,5/14/2016,2.4,0,0,6.873056,6.873056
Dehiwala,10350,26833689.39,2.2982,2.47,2.45,5/31/2013,9/17/2014,2.41,0,0,6.873056,6.873056
Dehiwala,10350,26772229.48,2.3042,2.47,2.46,5/30/2013,,2.41,0,0,6.873056,6.873056
Dehiwala,10350,26729588.03,2.3053,2.47,2.47,5/29/2013,6/18/2014,2.41,0,0,6.873056,6.873056
Dehiwala,10350,26695230.91,2.315,2.47,2.47,5/29/2013,5/27/2013,2.41,0,0,6.873056,6.873056
Dehiwala,10350,26647022.04,2.3245,2.47,2.47,5/28/2013,2/13/2017,2.41,1,0,6.873056,6.873056
Dehiwala,10350,26599681.28,2.3348,2.48,2.47,5/25/2013,7/3/2013,2.41,1,0,6.873056,6.873056
Dehiwala,10350,26581207.85,2.3388,2.48,2.48,5/24/2013,3/20/2016,2.41,1,0,6.873056,6.873056
Dehiwala,10350,26472592.94,2.3398,2.48,2.48,5/24/2013,1/24/2015,2.41,0,0,6.873056,6.873056
Dehiwala,10350,26409761.27,2.3409,2.48,2.48,5/23/2013,4/3/2015,2.42,0,0,6.873056,6.873056
Dehiwala,10350,26325233.81,2.3479,2.49,2.48,5/22/2013,11/27/2013,2.42,1,0,6.873056,6.873056
Dehiwala,10350,26294437.21,2.3517,2.49,2.48,5/22/2013,7/28/2014,2.42,1,0,6.873056,6.873056
Dehiwala,10350,26175093.04,2.3518,2.49,2.49,5/22/2013,10/10/2015,2.42,1,0,6.873056,6.873056
Dehiwala,10350,26159127.31,2.3539,2.5,2.49,5/16/2013,3/5/2016,2.42,0,0,6.873056,6.873056
Mountin Lavania,10370,26121677.71,2.354,2.5,2.49,5/16/2013,,2.42,0,0,6.873056,79.875833
Mountin Lavania,10370,26072991.06,2.3543,2.5,2.49,5/13/2013,,2.42,1,0,6.873056,79.875833
Mountin Lavania,10370,25916014.76,2.3577,2.51,2.49,5/10/2013,8/1/2015,2.42,1,0,6.873056,79.875833
Mountin Lavania,10370,25780771.13,2.3599,2.51,2.5,5/5/2013,4/11/2014,2.43,1,0,6.873056,79.875833
Mountin Lavania,10370,25636848.82,2.3607,2.51,2.5,4/30/2013,6/5/2016,2.44,1,0,6.873056,79.875833
Mountin Lavania,10370,25636341,2.3625,2.52,2.5,4/27/2013,1/2/2015,2.44,1,0,6.873056,79.875833
Mountin Lavania,10370,25593478.33,2.378,2.52,2.51,4/26/2013,5/31/2013,2.45,1,0,6.873056,79.875833
Mountin Lavania,10370,25561749.48,2.3857,2.52,2.51,4/19/2013,10/5/2017,2.45,1,0,6.873056,79.875833
Mountin Lavania,10370,25532153.85,2.3859,2.53,2.51,4/17/2013,8/14/2015,2.45,0,0,6.873056,79.875833
Mountin Lavania,10370,25482646.94,2.3863,2.53,2.51,4/12/2013,10/29/2014,2.46,0,0,6.873056,79.875833
Mountin Lavania,10370,25434998.74,2.3887,2.54,2.51,4/10/2013,10/6/2014,2.46,0,0,6.873056,79.875833
Mountin Lavania,10370,25346855.86,2.391,2.55,2.51,4/7/2013,12/6/2016,2.46,1,0,6.873056,79.875833
Mountin Lavania,10370,25318532.94,2.408,2.55,2.52,4/6/2013,,2.47,0,0,6.873056,79.875833
Mountin Lavania,10370,25160471.74,2.4092,2.55,2.52,4/5/2013,8/28/2015,2.47,0,0,6.873056,79.875833
Mountin Lavania,10370,25052589.89,2.411,2.55,2.53,4/1/2013,8/28/2014,2.47,0,0,6.873056,79.875833
Mountin Lavania,10370,25033770.28,2.4149,2.55,2.53,3/30/2013,4/6/2013,2.47,1,0,6.873056,79.875833
Mountin Lavania,10370,24997824.82,2.4169,2.56,2.55,3/30/2013,3/2/2014,2.47,0,0,6.873056,79.875833
Ratmalana,10390,24985931.6,2.419,2.56,2.55,3/29/2013,7/20/2015,2.48,0,0,6.821944,79.886111
Ratmalana,10390,24941619.92,2.4215,2.56,2.55,3/28/2013,10/17/2013,2.48,1,0,6.821944,79.886111
Ratmalana,10390,24676491.23,2.4266,2.56,2.55,3/27/2013,7/27/2017,2.48,0,0,6.821944,79.886111
Ratmalana,10390,24469302.04,2.4296,2.56,2.56,3/26/2013,12/5/2016,2.49,0,0,6.821944,79.886111
Ratmalana,10390,24381280.87,2.4314,2.57,2.56,3/25/2013,2/21/2015,2.49,1,0,6.821944,79.886111
Ratmalana,10390,24366258.16,2.4394,2.58,2.56,3/22/2013,12/23/2012,2.5,0,0,6.821944,79.886111
Ratmalana,10390,24359019.72,2.4399,2.58,2.56,3/22/2013,11/22/2012,2.5,0,0,6.821944,79.886111
Ratmalana,10390,24332643.01,2.4417,2.59,2.56,3/22/2013,12/27/2013,2.5,1,0,6.821944,79.886111
Ratmalana,10390,24268918.08,2.4435,2.6,2.56,3/22/2013,6/25/2015,2.5,1,0,6.821944,79.886111
Ratmalana,10390,24145456.45,2.448,2.6,2.56,3/10/2013,,2.5,1,0,6.821944,79.886111
Ratmalana,10390,24073907.49,2.4556,2.6,2.57,3/9/2013,6/21/2012,2.51,0,0,6.821944,79.886111
Ratmalana,10390,24003309.85,2.4561,2.61,2.57,3/7/2013,1/19/2018,2.51,1,0,6.821944,79.886111
Ratmalana,10390,23948383.76,2.4611,2.61,2.58,3/4/2013,3/22/2015,2.51,0,0,6.821944,79.886111
Ratmalana,10390,23907476.59,2.4624,2.62,2.58,3/1/2013,5/10/2014,2.51,1,0,6.821944,79.886111
Ratmalana,10390,23906510.09,2.4658,2.62,2.58,3/1/2013,5/31/2012,2.52,1,0,6.821944,79.886111
Ratmalana,10390,23764928.45,2.4701,2.62,2.59,2/27/2013,8/29/2015,2.52,0,0,6.821944,79.886111
Ratmalana,10390,23664458.25,2.4715,2.62,2.59,2/27/2013,10/20/2014,2.52,0,0,6.821944,79.886111
Ratmalana,10390,23633291.18,2.4736,2.63,2.59,2/23/2013,4/18/2018,2.52,0,0,6.821944,79.886111
Ratmalana,10390,23527148.64,2.4753,2.64,2.59,2/23/2013,3/1/2015,2.52,1,0,6.821944,79.886111
Ratmalana,10390,23356118.84,2.4776,2.64,2.6,2/22/2013,5/11/2012,2.53,1,0,6.821944,79.886111
Ratmalana,10390,23346210.34,2.481,2.65,2.6,2/20/2013,9/15/2014,2.53,1,0,6.821944,79.886111
Ratmalana,10390,23168899.31,2.4854,2.66,2.6,2/16/2013,,2.53,0,0,6.821944,79.886111
Ratmalana,10390,23163551.74,2.4857,2.66,2.6,2/12/2013,,2.53,0,0,6.821944,79.886111
Ratmalana,10390,23121664.88,2.4871,2.66,2.6,2/9/2013,10/11/2017,2.54,0,0,6.821944,79.886111
Ratmalana,10390,23087299.31,2.489,2.66,2.6,2/4/2013,4/17/2014,2.54,1,0,6.821944,79.886111
Ratmalana,10390,23076386.29,2.491,2.66,2.61,2/1/2013,4/25/2015,2.55,0,0,6.821944,79.886111
Ratmalana,10390,23052086.36,2.4948,2.66,2.61,2/1/2013,8/12/2015,2.55,0,0,6.821944,79.886111
Moratuwa,10400,23024319.68,2.495,2.66,2.61,1/21/2013,2/7/2018,2.56,0,0,6.799072,79.876678
Moratuwa,10400,23017125.82,2.4965,2.66,2.61,1/21/2013,8/31/2012,2.56,0,0,6.799072,79.876678
Moratuwa,10400,23009036.86,2.4978,2.67,2.62,1/16/2013,9/4/2017,2.56,0,0,6.799072,79.876678
Moratuwa,10400,22761973.17,2.4986,2.68,2.62,1/14/2013,5/19/2016,2.56,1,0,6.799072,79.876678
Moratuwa,10400,22714781.47,2.5024,2.68,2.62,1/12/2013,6/3/2013,2.56,0,0,6.799072,79.876678
Moratuwa,10400,22681688.76,2.5061,2.69,2.63,1/12/2013,11/26/2017,2.57,0,0,6.799072,79.876678
Moratuwa,10400,22646604.04,2.5069,2.69,2.63,1/9/2013,1/6/2018,2.57,0,0,6.799072,79.876678
Moratuwa,10400,22617083.46,2.507,2.7,2.63,1/8/2013,1/20/2015,2.57,1,0,6.799072,79.876678
Moratuwa,10400,22564778.99,2.5082,2.7,2.64,1/8/2013,2/15/2012,2.58,1,0,6.799072,79.876678
Moratuwa,10400,22543071.17,2.5088,2.71,2.64,1/7/2013,,2.58,0,0,6.799072,79.876678
Moratuwa,10400,22531727.72,2.5103,2.71,2.64,1/6/2013,6/15/2016,2.58,0,0,6.799072,79.876678
Moratuwa,10400,22485671.33,2.5126,2.72,2.65,1/6/2013,12/14/2015,2.59,1,0,6.799072,79.876678
Moratuwa,10400,22481985.23,2.5142,2.72,2.66,1/6/2013,2/16/2017,2.59,0,0,6.799072,79.876678
Moratuwa,10400,22359169.05,2.5184,2.72,2.66,1/5/2013,4/21/2012,2.59,0,0,6.799072,79.876678
Moratuwa,10400,22356781.98,2.5209,2.72,2.67,1/3/2013,7/19/2015,2.59,0,0,6.799072,79.876678
Moratuwa,10400,22197120.03,2.5226,2.73,2.67,1/2/2013,8/13/2014,2.59,0,0,6.799072,79.876678
Moratuwa,10400,22154501.34,2.5247,2.73,2.67,1/2/2013,,2.59,0,0,6.799072,79.876678
Moratuwa,10400,22113712.46,2.5335,2.73,2.68,1/1/2013,11/26/2014,2.59,0,0,6.799072,79.876678
colombo-07,700,22104267.56,2.5357,2.73,2.69,12/31/2012,4/23/2017,2.6,0,0,6.906667,79.863333
colombo-07,700,22074206.22,2.5401,2.73,2.69,12/31/2012,,2.61,0,0,6.906667,79.863333
colombo-07,700,21771271.97,2.5405,2.73,2.69,12/29/2012,,2.61,0,0,6.906667,79.863333
colombo-07,700,21726726.4,2.5409,2.74,2.7,12/29/2012,4/13/2012,2.61,0,0,6.906667,79.863333
colombo-07,700,21640008.95,2.5411,2.74,2.7,12/26/2012,3/12/2016,2.61,1,0,6.906667,79.863333
colombo-07,700,21545695.52,2.5414,2.74,2.7,12/26/2012,7/7/2016,2.61,1,0,6.906667,79.863333
colombo-07,700,21538416.27,2.5426,2.75,2.71,12/24/2012,6/12/2014,2.61,1,0,6.906667,79.863333
colombo-07,700,21495203.35,2.5477,2.75,2.72,12/19/2012,12/21/2017,2.62,1,0,6.906667,79.863333
colombo-07,700,21488957.24,2.5524,2.75,2.72,12/17/2012,6/23/2012,2.62,1,0,6.906667,79.863333
colombo-07,700,21454778.71,2.5586,2.75,2.73,12/17/2012,11/8/2017,2.62,1,0,6.906667,79.863333
colombo-07,700,21408890.63,2.5591,2.76,2.73,12/16/2012,12/15/2014,2.62,0,0,6.906667,79.863333
colombo-07,700,21348229.45,2.56,2.76,2.74,12/13/2012,12/20/2017,2.63,0,0,6.906667,79.863333
colombo-07,700,21317796.7,2.5642,2.76,2.74,12/10/2012,10/19/2017,2.63,1,0,6.906667,79.863333
colombo-07,700,21186009.32,2.566,2.77,2.74,12/8/2012,7/15/2014,2.63,1,0,6.906667,79.863333
colombo-07,700,21131672.94,2.5673,2.77,2.74,12/5/2012,2/17/2017,2.63,1,0,6.906667,79.863333
colombo-07,700,21100313.56,2.5761,2.78,2.75,11/29/2012,2/2/2016,2.63,0,0,6.906667,79.863333
colombo-07,700,21096131.56,2.5811,2.78,2.75,11/27/2012,1/12/2013,2.64,0,0,6.906667,79.863333
colombo-07,700,21062256.99,2.5819,2.78,2.76,11/27/2012,4/17/2018,2.64,0,0,6.906667,79.863333
colombo-07,700,20792769.49,2.5835,2.78,2.76,11/17/2012,12/11/2017,2.64,0,0,6.906667,79.863333
colombo-07,700,20736160.2,2.5887,2.79,2.76,11/10/2012,8/21/2015,2.64,1,0,6.906667,79.863333
colombo-07,700,20730253.63,2.595,2.79,2.76,11/10/2012,8/9/2017,2.65,1,0,6.906667,79.863333
colombo-07,700,20671013.28,2.5951,2.79,2.76,11/6/2012,,2.66,0,0,6.906667,79.863333
Kollupitiya,300,20602394.43,2.5979,2.8,2.76,11/2/2012,,2.66,0,0,6.900556,79.853333
Kollupitiya,300,20601890.39,2.6035,2.8,2.76,11/2/2012,6/5/2013,2.66,1,0,6.900556,79.853333
Kollupitiya,300,20588765.88,2.6057,2.8,2.76,11/1/2012,2/25/2013,2.66,0,0,6.900556,79.853333
Kollupitiya,300,20481547.55,2.607,2.8,2.77,10/30/2012,,2.67,1,0,6.900556,79.853333
Kollupitiya,300,20382612.62,2.6084,2.8,2.77,10/28/2012,7/23/2016,2.67,1,0,6.900556,79.853333
Kollupitiya,300,20315794.23,2.6096,2.81,2.78,10/27/2012,,2.67,0,0,6.900556,79.853333
Kollupitiya,300,20118415.77,2.6129,2.82,2.78,10/27/2012,1/16/2016,2.67,0,0,6.900556,79.853333
Kollupitiya,300,20083992.73,2.6171,2.82,2.78,10/27/2012,5/10/2012,2.67,0,0,6.900556,79.853333
Kollupitiya,300,19958448.65,2.6178,2.82,2.79,10/26/2012,12/15/2015,2.67,0,0,6.900556,79.853333
Kollupitiya,300,19810932.33,2.6189,2.82,2.79,10/25/2012,6/1/2015,2.67,0,0,6.900556,79.853333
Kollupitiya,300,19723165.89,2.6191,2.82,2.79,10/25/2012,9/24/2015,2.67,1,0,6.900556,79.853333
Kollupitiya,300,19682082.55,2.6222,2.83,2.79,10/24/2012,5/18/2016,2.68,0,0,6.900556,79.853333
Kollupitiya,300,19657807.5,2.6225,2.84,2.79,10/20/2012,4/29/2015,2.68,0,0,6.900556,79.853333
Kollupitiya,300,19512170.59,2.6233,2.84,2.8,10/19/2012,6/1/2017,2.68,1,0,6.900556,79.853333
Kollupitiya,300,19438764.68,2.625,2.84,2.8,10/17/2012,8/30/2013,2.68,1,0,6.900556,79.853333
Kollupitiya,300,19424614.11,2.6382,2.84,2.81,10/17/2012,10/6/2012,2.69,0,0,6.900556,79.853333
Kollupitiya,300,19295212.83,2.6489,2.85,2.82,10/16/2012,1/5/2013,2.7,0,0,6.900556,79.853333
Kollupitiya,300,19056511.08,2.6496,2.85,2.83,10/15/2012,2/10/2018,2.7,1,0,6.900556,79.853333
Kollupitiya,300,18954584.85,2.6513,2.85,2.83,10/15/2012,,2.71,1,0,6.900556,79.853333
Kollupitiya,300,18908805.96,2.6527,2.85,2.83,10/13/2012,1/10/2014,2.71,1,0,6.900556,79.853333
Kollupitiya,300,18874923.53,2.6615,2.86,2.83,10/11/2012,3/1/2014,2.71,1,0,6.900556,79.853333
Kollupitiya,300,18869572.06,2.6631,2.86,2.83,10/7/2012,,2.71,1,0,6.900556,79.853333
Borella,800,18833125.43,2.6645,2.86,2.84,10/7/2012,9/21/2017,2.71,0,0,6.914722,79.877778
Borella,800,18755117.48,2.668,2.86,2.85,10/5/2012,3/31/2016,2.71,1,0,6.914722,79.877778
Borella,800,18595846.99,2.6696,2.87,2.85,10/4/2012,12/7/2015,2.71,0,0,6.914722,79.877778
Borella,800,18385359.32,2.6742,2.87,2.86,10/4/2012,,2.72,1,0,6.914722,79.877778
Borella,800,18380033.79,2.6753,2.87,2.86,10/3/2012,3/28/2014,2.72,1,0,6.914722,79.877778
Borella,800,18377676.02,2.6807,2.87,2.86,10/2/2012,5/28/2013,2.72,1,0,6.914722,79.877778
Borella,800,18292326.54,2.6826,2.87,2.87,9/30/2012,12/29/2016,2.72,1,0,6.914722,79.877778
Borella,800,18215170.05,2.6843,2.88,2.87,9/26/2012,8/29/2014,2.72,1,0,6.914722,79.877778
Borella,800,18213496.05,2.6847,2.89,2.87,9/21/2012,9/18/2013,2.72,0,0,6.914722,79.877778
Borella,800,18154593.09,2.6858,2.89,2.88,9/21/2012,,2.73,0,0,6.914722,79.877778
Borella,800,18102608.31,2.6865,2.9,2.88,9/19/2012,,2.73,1,0,6.914722,79.877778
Borella,800,18013486.3,2.6869,2.9,2.88,9/18/2012,10/27/2013,2.73,1,0,6.914722,79.877778
Borella,800,17923024.55,2.6874,2.9,2.89,9/16/2012,3/4/2014,2.73,1,0,6.914722,79.877778
Borella,800,17571382.84,2.6883,2.9,2.89,9/14/2012,3/3/2018,2.73,1,0,6.914722,79.877778
Borella,800,17458124.48,2.6919,2.9,2.89,9/6/2012,4/13/2018,2.75,0,0,6.914722,79.877778
Borella,800,17249592.91,2.6975,2.91,2.9,9/2/2012,9/23/2016,2.75,0,0,6.914722,79.877778
Borella,800,17078503.64,2.7022,2.91,2.91,8/31/2012,5/10/2015,2.76,1,0,6.914722,79.877778
Borella,800,16993344.71,2.7046,2.91,2.91,8/29/2012,12/9/2014,2.76,1,0,6.914722,79.877778
Borella,800,16949513.73,2.7054,2.92,2.91,8/25/2012,8/3/2014,2.76,0,0,6.914722,79.877778
Bambalapittiya,400,16779249.06,2.7064,2.92,2.92,8/22/2012,11/6/2016,2.77,1,0,6.888889,79.856667
Bambalapittiya,400,16669455.33,2.7074,2.92,2.92,8/21/2012,1/15/2015,2.77,1,0,6.888889,79.856667
Bambalapittiya,400,16641390.75,2.711,2.92,2.92,8/20/2012,9/13/2016,2.78,1,0,6.888889,79.856667
Bambalapittiya,400,16508661.08,2.7114,2.92,2.92,8/19/2012,10/6/2014,2.78,0,0,6.888889,79.856667
Bambalapittiya,400,16498808.97,2.7142,2.92,2.92,8/19/2012,8/24/2014,2.78,0,0,6.888889,79.856667
Bambalapittiya,400,16399038.77,2.7172,2.92,2.92,8/18/2012,10/7/2012,2.79,0,0,6.888889,79.856667
Bambalapittiya,400,16381598.47,2.7187,2.93,2.93,8/18/2012,8/9/2012,2.79,0,0,6.888889,79.856667
Bambalapittiya,400,16260812.13,2.7194,2.93,2.93,8/17/2012,3/17/2012,2.79,0,0,6.888889,79.856667
Bambalapittiya,400,16256903.77,2.7199,2.94,2.94,8/16/2012,6/12/2014,2.79,0,0,6.888889,79.856667
Bambalapittiya,400,16177033.69,2.7231,2.94,2.95,8/13/2012,10/13/2014,2.79,0,0,6.888889,79.856667
Bambalapittiya,400,16028245.71,2.724,2.94,2.95,8/13/2012,10/12/2015,2.79,0,0,6.888889,79.856667
Bambalapittiya,400,15944103.71,2.7259,2.95,2.95,8/12/2012,1/26/2016,2.8,1,0,6.888889,79.856667
Bambalapittiya,400,15941873.1,2.7293,2.95,2.96,8/10/2012,4/5/2017,2.8,0,0,6.888889,79.856667
Bambalapittiya,400,15882004.78,2.7343,2.95,2.96,8/6/2012,10/21/2016,2.8,0,0,6.888889,79.856667
Bambalapittiya,400,15769791.71,2.7398,2.95,2.97,8/5/2012,8/13/2016,2.81,0,0,6.888889,79.856667
Bambalapittiya,400,15716139.07,2.7444,2.95,2.97,8/2/2012,12/20/2016,2.81,1,0,6.888889,79.856667
Bambalapittiya,400,15705645,2.7461,2.96,2.97,7/29/2012,8/24/2014,2.81,1,0,6.888889,79.856667
Bambalapittiya,400,15603041.93,2.7472,2.96,2.97,7/28/2012,5/26/2013,2.81,1,0,6.888889,79.856667
Bambalapittiya,400,15591112.61,2.75,2.96,2.98,7/28/2012,2/15/2014,2.81,0,0,6.888889,79.856667
Bambalapittiya,400,15491846.87,2.7532,2.98,2.98,7/26/2012,2/28/2017,2.81,1,0,6.888889,79.856667
Bambalapittiya,400,15238086.22,2.7616,2.98,2.99,7/20/2012,,2.82,1,0,6.888889,79.856667
Havelock Town,400,15195840.15,2.7658,2.98,2.99,7/16/2012,4/6/2013,2.82,1,0,6.879444,79.865278
Havelock Town,500,15172327.4,2.7672,2.99,2.99,7/14/2012,5/28/2017,2.82,1,0,6.879444,79.865278
Havelock Town,500,15067688.88,2.7676,2.99,3,7/13/2012,12/1/2016,2.83,0,0,6.879444,79.865278
Havelock Town,500,15043998.96,2.7683,2.99,3,7/11/2012,7/26/2012,2.83,0,0,6.879444,79.865278
Havelock Town,500,15037065.21,2.7741,2.99,3.01,7/8/2012,9/15/2013,2.84,1,0,6.879444,79.865278
Havelock Town,500,14965410.87,2.7748,3.01,3.01,7/1/2012,11/21/2012,2.84,1,0,6.879444,79.865278
Havelock Town,500,14702755.39,2.7755,3.01,3.02,6/26/2012,3/29/2013,2.84,1,0,6.879444,79.865278
Havelock Town,500,14696486.46,2.7772,3.02,3.02,6/26/2012,5/9/2015,2.84,0,0,6.879444,79.865278
Havelock Town,500,14644331.52,2.7789,3.03,3.02,6/23/2012,,2.84,1,0,6.879444,79.865278
Havelock Town,500,14548566.98,2.7789,3.03,3.03,6/18/2012,,2.84,0,0,6.879444,79.865278
Havelock Town,500,14353647.65,2.779,3.03,3.04,6/18/2012,11/29/2012,2.84,0,0,6.879444,79.865278
Havelock Town,500,14349804.7,2.7795,3.03,3.04,6/10/2012,12/14/2014,2.85,0,0,6.879444,79.865278
Havelock Town,500,14344185.8,2.7824,3.04,3.04,6/7/2012,5/28/2013,2.86,1,0,6.879444,79.865278
Havelock Town,500,14340536.28,2.7835,3.04,3.04,6/6/2012,12/12/2012,2.86,1,0,6.879444,79.865278
Havelock Town,500,14075137.64,2.7897,3.04,3.04,5/30/2012,5/20/2014,2.86,0,0,6.879444,79.865278
Havelock Town,500,13991721.57,2.7999,3.04,3.04,5/25/2012,5/14/2012,2.86,0,0,6.879444,79.865278
Wellawatha,600,13774563.01,2.8014,3.04,3.05,5/25/2012,1/31/2012,2.86,1,0,6.874657,79.860483
Wellawatha,600,13762903.96,2.8024,3.04,3.05,5/22/2012,7/22/2012,2.86,1,0,6.874657,79.860483
Wellawatha,600,13757670.98,2.805,3.05,3.05,5/19/2012,6/23/2013,2.87,0,0,6.874657,79.860483
Wellawatha,600,13753948.1,2.8098,3.05,3.06,5/14/2012,11/11/2015,2.87,1,0,6.874657,79.860483
Wellawatha,600,13750732.99,2.812,3.05,3.07,5/12/2012,2/17/2016,2.87,0,0,6.874657,79.860483
Wellawatha,600,13582402.68,2.8181,3.05,3.07,5/7/2012,5/2/2017,2.87,1,0,6.874657,79.860483
Wellawatha,600,13492393.55,2.8219,3.05,3.08,5/6/2012,2/15/2013,2.87,0,0,6.874657,79.860483
Wellawatha,600,13491341.45,2.8251,3.06,3.09,5/3/2012,,2.88,1,0,6.874657,79.860483
Wellawatha,600,13422936.41,2.8268,3.06,3.09,5/1/2012,1/27/2016,2.88,0,0,6.874657,79.860483
Wellawatha,600,13421294.98,2.8314,3.06,3.09,4/30/2012,6/21/2012,2.89,0,0,6.874657,79.860483
Wellawatha,600,13377548.3,2.8342,3.07,3.09,4/27/2012,3/31/2016,2.89,1,0,6.874657,79.860483
Dehiwala,10350,13289171.4,2.8363,3.07,3.1,4/27/2012,4/2/2015,2.89,1,0,6.873056,6.873056
Dehiwala,10350,13231163.5,2.837,3.07,3.11,4/26/2012,,2.89,1,0,6.873056,6.873056
Dehiwala,10350,13075532.15,2.8393,3.08,3.11,4/26/2012,8/1/2016,2.9,0,0,6.873056,6.873056
Dehiwala,10350,13030474.64,2.8401,3.08,3.11,4/22/2012,3/6/2014,2.9,0,0,6.873056,6.873056
Dehiwala,10350,12855633.63,2.8411,3.08,3.12,4/15/2012,10/20/2012,2.9,1,0,6.873056,6.873056
Dehiwala,10350,12733008.86,2.8411,3.08,3.12,4/14/2012,11/29/2016,2.9,0,0,6.873056,6.873056
Dehiwala,10350,12581099.53,2.8444,3.09,3.12,4/11/2012,10/4/2015,2.9,0,0,6.873056,6.873056
Dehiwala,10350,12561334.41,2.8448,3.09,3.13,4/9/2012,12/8/2015,2.91,1,0,6.873056,6.873056
Dehiwala,10350,12463382.89,2.8463,3.1,3.14,4/8/2012,9/3/2013,2.91,0,0,6.873056,6.873056
Dehiwala,10350,12411648.41,2.8471,3.1,3.15,4/4/2012,3/29/2012,2.92,0,0,6.873056,6.873056
Dehiwala,10350,12403244.78,2.8494,3.12,3.15,4/4/2012,,2.92,0,0,6.873056,6.873056
Dehiwala,10350,12377887.23,2.8543,3.13,3.16,3/31/2012,8/20/2014,2.92,0,0,6.873056,6.873056
Dehiwala,10350,12295190.94,2.8572,3.13,3.16,3/29/2012,4/11/2014,2.92,0,0,6.873056,6.873056
Dehiwala,10350,12267132.13,2.86,3.13,3.16,3/22/2012,9/21/2012,2.92,1,0,6.873056,6.873056
Dehiwala,10350,12232078.77,2.8609,3.14,3.17,3/20/2012,4/9/2013,2.93,0,0,6.873056,6.873056
Dehiwala,10350,12208791.62,2.8612,3.14,3.18,3/19/2012,,2.93,1,0,6.873056,6.873056
Dehiwala,10350,12189118.57,2.8643,3.15,3.18,3/18/2012,11/8/2014,2.94,1,0,6.873056,6.873056
Dehiwala,10350,12187257.85,2.8683,3.15,3.18,3/15/2012,12/22/2013,2.94,1,0,6.873056,6.873056
Dehiwala,10350,12138885.24,2.8683,3.15,3.19,3/11/2012,,2.94,0,0,6.873056,6.873056
Dehiwala,10350,12124562.87,2.8691,3.16,3.19,3/8/2012,2/11/2013,2.94,0,0,6.873056,6.873056
Mountin Lavania,10370,12094362.51,2.877,3.16,3.19,3/5/2012,,2.95,1,0,6.873056,79.875833
Mountin Lavania,10370,12004306.43,2.8817,3.16,3.19,3/4/2012,6/7/2015,2.95,0,0,6.873056,79.875833
Mountin Lavania,10370,11969142.77,2.882,3.16,3.2,3/1/2012,12/8/2013,2.95,0,0,6.873056,79.875833
Mountin Lavania,10370,11675138.58,2.8855,3.16,3.2,3/1/2012,8/12/2017,2.95,0,0,6.873056,79.875833
Mountin Lavania,10370,11673615.53,2.8859,3.16,3.2,3/1/2012,1/14/2013,2.95,0,0,6.873056,79.875833
Mountin Lavania,10370,11611999.03,2.8874,3.17,3.21,2/22/2012,6/17/2012,2.95,0,0,6.873056,79.875833
Moutin Lavania,10370,11506876.99,2.8897,3.19,3.21,2/21/2012,9/3/2013,2.95,1,0,6.873056,79.875833
Moutin Lavania,10370,11441231.33,2.8898,3.19,3.22,2/16/2012,3/17/2013,2.96,1,0,6.873056,79.875833
Ratmalana,10390,11422302.92,2.8945,3.19,3.22,2/11/2012,9/4/2012,2.96,0,0,6.821944,79.886111
Ratmalana,10390,11365521.56,2.8987,3.2,3.22,2/10/2012,4/16/2016,2.96,0,0,6.821944,79.886111
Ratmalana,10390,11269085.82,2.9002,3.2,3.22,2/9/2012,4/25/2016,2.97,0,0,6.821944,79.886111
Ratmalana,10390,11247002.09,2.9052,3.2,3.22,2/9/2012,1/28/2017,2.97,0,0,6.821944,79.886111
Ratmalana,10390,11173886.57,2.9081,3.2,3.23,2/7/2012,8/2/2013,2.97,0,0,6.821944,79.886111
Ratmalana,10390,11105600.5,2.9137,3.2,3.23,2/7/2012,12/4/2017,2.97,0,0,6.821944,79.886111
Ratmalana,10390,11045569.17,2.9157,3.2,3.23,2/5/2012,4/18/2016,2.98,0,0,6.821944,79.886111
Ratmalana,10390,10935353.96,2.9179,3.21,3.24,1/30/2012,10/7/2017,2.98,0,0,6.821944,79.886111
Ratmalana,10390,10686930.3,2.9244,3.21,3.24,1/26/2012,10/19/2017,2.98,1,0,6.821944,79.886111
Moratuwa,10400,10682669.87,2.9379,3.22,3.24,1/24/2012,1/26/2018,2.98,1,0,6.799072,79.876678
Moratuwa,10400,10671085.6,2.9391,3.23,3.24,1/24/2012,4/29/2017,2.99,1,0,6.799072,79.876678
Moratuwa,10400,10665388.35,2.9396,3.23,3.24,1/20/2012,12/25/2017,2.99,1,0,6.799072,79.876678
Moratuwa,10400,10663210.52,2.9408,3.24,3.25,1/18/2012,1/14/2018,2.99,1,0,6.799072,79.876678
Moratuwa,10400,10527332.39,2.9412,3.24,3.25,1/16/2012,5/13/2015,3,0,0,6.799072,79.876678
Moratuwa,10400,10331176,2.9452,3.24,3.25,1/14/2012,8/19/2015,3,1,0,6.799072,79.876678
Moratuwa,10400,10071117.96,2.9499,3.24,3.25,1/12/2012,3/20/2018,3,0,0,6.799072,79.876678
